county,HISP,race,VAP,count
001,0,1,False,3054
001,0,1,True,30442
001,0,2,False,1241
001,0,2,True,9091
001,0,3,False,29
001,0,3,True,160
001,0,4,False,60
001,0,4,True,195
001,0,5,False,5
001,0,5,True,10
001,0,6,False,209
001,0,6,True,296
001,1,1,False,989
001,1,1,True,4147
001,1,2,False,123
001,1,2,True,1855
001,1,3,False,26
001,1,3,True,44
001,1,4,False,6
001,1,4,True,30
001,1,5,True,6
001,1,6,False,1276
001,1,6,True,5164
003,0,1,False,722
003,0,1,True,6410
003,0,2,False,42
003,0,2,True,153
003,0,3,False,16
003,0,3,True,74
003,0,4,False,13
003,0,4,True,71
003,0,5,True,1
003,0,6,False,33
003,0,6,True,27
003,1,1,False,812
003,1,1,True,3805
003,1,2,False,10
003,1,2,True,17
003,1,3,False,10
003,1,3,True,42
003,1,4,False,1
003,1,4,True,6
003,1,6,False,544
003,1,6,True,1977
005,0,1,False,5716
005,0,1,True,44302
005,0,2,False,2049
005,0,2,True,9510
005,0,3,False,46
005,0,3,True,187
005,0,4,False,157
005,0,4,True,575
005,0,5,False,1
005,0,5,True,8
005,0,6,False,260
005,0,6,True,184
005,1,1,False,3267
005,1,1,True,9252
005,1,2,False,443
005,1,2,True,1033
005,1,3,False,64
005,1,3,True,114
005,1,4,False,17
005,1,4,True,36
005,1,5,True,4
005,1,6,False,2800
005,1,6,True,6746
007,0,1,False,1101
007,0,1,True,13866
007,0,2,False,45
007,0,2,True,198
007,0,3,False,8
007,0,3,True,95
007,0,4,False,66
007,0,4,True,326
007,0,5,False,1
007,0,5,True,3
007,0,6,False,42
007,0,6,True,90
007,1,1,False,932
007,1,1,True,4332
007,1,2,False,22
007,1,2,True,38
007,1,3,False,7
007,1,3,True,61
007,1,4,False,14
007,1,4,True,49
007,1,5,False,2
007,1,5,True,2
007,1,6,False,476
007,1,6,True,1382
009,0,1,False,740
009,0,1,True,7350
009,0,2,False,18
009,0,2,True,16
009,0,3,False,7
009,0,3,True,38
009,0,4,False,1
009,0,4,True,17
009,0,5,False,1
009,0,5,True,2
009,0,6,False,34
009,0,6,True,53
009,1,1,False,93
009,1,1,True,321
009,1,2,False,3
009,1,2,True,3
009,1,3,False,3
009,1,3,True,12
009,1,6,False,117
009,1,6,True,225
011,0,1,False,108
011,0,1,True,1632
011,0,2,False,5
011,0,2,True,6
011,0,3,False,3
011,0,3,True,10
011,0,6,False,8
011,0,6,True,16
011,1,1,False,15
011,1,1,True,19
011,1,3,True,2
011,1,6,False,21
011,1,6,True,56
013,0,1,False,1853
013,0,1,True,15671
013,0,2,False,65
013,0,2,True,135
013,0,3,False,13
013,0,3,True,116
013,0,4,False,22
013,0,4,True,88
013,0,5,False,6
013,0,5,True,8
013,0,6,False,32
013,0,6,True,73
013,1,1,False,3254
013,1,1,True,17352
013,1,2,False,70
013,1,2,True,89
013,1,3,False,36
013,1,3,True,176
013,1,4,False,11
013,1,4,True,35
013,1,5,False,5
013,1,5,True,11
013,1,6,False,1326
013,1,6,True,4464
015,0,1,False,1639
015,0,1,True,16604
015,0,2,False,327
015,0,2,True,1943
015,0,3,False,20
015,0,3,True,57
015,0,4,False,18
015,0,4,True,85
015,0,5,True,1
015,0,6,False,65
015,0,6,True,61
015,1,1,False,878
015,1,1,True,3258
015,1,2,False,132
015,1,2,True,266
015,1,3,False,12
015,1,3,True,49
015,1,4,False,4
015,1,4,True,11
015,1,6,False,816
015,1,6,True,2171
017,0,1,False,206
017,0,1,True,2808
017,0,2,False,5
017,0,2,True,53
017,0,3,False,3
017,0,3,True,12
017,0,4,False,5
017,0,4,True,18
017,0,6,False,4
017,0,6,True,2
017,1,1,False,406
017,1,1,True,1972
017,1,2,False,3
017,1,2,True,25
017,1,3,False,31
017,1,3,True,57
017,1,4,False,5
017,1,4,True,2
017,1,5,False,2
017,1,5,True,4
017,1,6,False,349
017,1,6,True,1193
019,0,1,False,1019
019,0,1,True,14324
019,0,2,False,32
019,0,2,True,50
019,0,3,False,14
019,0,3,True,102
019,0,4,False,7
019,0,4,True,47
019,0,6,False,34
019,0,6,True,83
019,1,1,False,624
019,1,1,True,3043
019,1,2,False,11
019,1,2,True,5
019,1,3,False,13
019,1,3,True,37
019,1,4,True,3
019,1,5,True,2
019,1,6,False,225
019,1,6,True,810
021,0,1,False,4074
021,0,1,True,35227
021,0,2,False,791
021,0,2,True,3887
021,0,3,False,32
021,0,3,True,252
021,0,4,False,63
021,0,4,True,297
021,0,5,False,9
021,0,5,True,41
021,0,6,False,273
021,0,6,True,274
021,1,1,False,3196
021,1,1,True,12253
021,1,2,False,301
021,1,2,True,793
021,1,3,False,121
021,1,3,True,334
021,1,4,False,29
021,1,4,True,100
021,1,5,False,9
021,1,5,True,7
021,1,6,False,2972
021,1,6,True,8836
023,0,1,False,172
023,0,1,True,2997
023,0,2,False,8
023,0,2,True,64
023,0,3,False,3
023,0,3,True,7
023,0,4,True,4
023,0,5,True,3
023,0,6,False,7
023,0,6,True,7
023,1,1,False,55
023,1,1,True,186
023,1,2,False,1
023,1,2,True,2
023,1,3,True,1
023,1,6,False,75
023,1,6,True,134
025,0,1,False,1052
025,0,1,True,10394
025,0,2,False,71
025,0,2,True,1443
025,0,3,False,8
025,0,3,True,45
025,0,4,False,17
025,0,4,True,146
025,0,5,False,1
025,0,5,True,9
025,0,6,False,35
025,0,6,True,48
025,1,1,False,2117
025,1,1,True,11529
025,1,2,False,41
025,1,2,True,1037
025,1,3,False,27
025,1,3,True,85
025,1,4,False,7
025,1,4,True,7
025,1,5,False,3
025,1,5,True,4
025,1,6,False,905
025,1,6,True,2830
027,0,1,False,17896
027,0,1,True,119373
027,0,2,False,10164
027,0,2,True,38998
027,0,3,False,258
027,0,3,True,1027
027,0,4,False,995
027,0,4,True,5857
027,0,5,False,525
027,0,5,True,1358
027,0,6,False,1950
027,0,6,True,1725
027,1,1,False,13184
027,1,1,True,40100
027,1,2,False,5271
027,1,2,True,12267
027,1,3,False,396
027,1,3,True,815
027,1,4,False,465
027,1,4,True,1431
027,1,5,False,196
027,1,5,True,351
027,1,6,False,11475
027,1,6,True,24158
029,0,1,False,71107
029,0,1,True,459621
029,0,2,False,16619
029,0,2,True,65197
029,0,3,False,579
029,0,3,True,2345
029,0,4,False,5004
029,0,4,True,22552
029,0,5,False,323
029,0,5,True,1192
029,0,6,False,3572
029,0,6,True,4792
029,1,1,False,126856
029,1,1,True,592668
029,1,2,False,13230
029,1,2,True,33846
029,1,3,False,3168
029,1,3,True,8383
029,1,4,False,3231
029,1,4,True,10952
029,1,5,False,277
029,1,5,True,558
029,1,6,False,69252
029,1,6,True,199449
031,0,1,False,538
031,0,1,True,7536
031,0,2,False,15
031,0,2,True,41
031,0,3,False,6
031,0,3,True,33
031,0,4,False,13
031,0,4,True,36
031,0,5,True,4
031,0,6,False,14
031,0,6,True,36
031,1,1,False,221
031,1,1,True,1180
031,1,2,False,1
031,1,2,True,12
031,1,3,False,2
031,1,3,True,33
031,1,4,False,2
031,1,6,False,238
031,1,6,True,536
033,0,1,False,36
033,0,1,True,508
033,0,3,True,2
033,0,4,True,1
033,0,6,True,2
033,1,1,False,16
033,1,1,True,40
033,1,6,False,11
033,1,6,True,25
035,0,1,False,943
035,0,1,True,13749
035,0,2,False,66
035,0,2,True,204
035,0,3,False,9
035,0,3,True,64
035,0,4,False,6
035,0,4,True,33
035,0,5,True,2
035,0,6,False,73
035,0,6,True,83
035,1,1,False,352
035,1,1,True,1328
035,1,2,False,8
035,1,2,True,18
035,1,3,False,7
035,1,3,True,24
035,1,4,True,2
035,1,6,False,271
035,1,6,True,970
037,0,1,False,5847
037,0,1,True,53845
037,0,2,False,3235
037,0,2,True,18170
037,0,3,False,85
037,0,3,True,478
037,0,4,False,149
037,0,4,True,522
037,0,5,False,9
037,0,5,True,34
037,0,6,False,593
037,0,6,True,423
037,1,1,False,1182
037,1,1,True,2767
037,1,2,False,350
037,1,2,True,632
037,1,3,False,34
037,1,3,True,97
037,1,4,False,21
037,1,4,True,42
037,1,5,False,2
037,1,5,True,6
037,1,6,False,1263
037,1,6,True,2779
039,0,1,False,19653
039,0,1,True,128798
039,0,2,False,6206
039,0,2,True,23731
039,0,3,False,211
039,0,3,True,703
039,0,4,False,3193
039,0,4,True,11523
039,0,5,False,9
039,0,5,True,44
039,0,6,False,1216
039,0,6,True,964
039,1,1,False,16240
039,1,1,True,54725
039,1,2,False,2282
039,1,2,True,5542
039,1,3,False,271
039,1,3,True,585
039,1,4,False,688
039,1,4,True,1823
039,1,5,False,12
039,1,5,True,24
039,1,6,False,10207
039,1,6,True,24516
041,0,1,False,11699
041,0,1,True,88129
041,0,2,False,3482
041,0,2,True,13212
041,0,3,False,66
041,0,3,True,346
041,0,4,False,1378
041,0,4,True,6725
041,0,5,False,16
041,0,5,True,65
041,0,6,False,459
041,0,6,True,880
041,1,1,False,8692
041,1,1,True,34294
041,1,2,False,1402
041,1,2,True,3318
041,1,3,False,104
041,1,3,True,349
041,1,4,False,345
041,1,4,True,1635
041,1,5,False,4
041,1,5,True,34
041,1,6,False,4891
041,1,6,True,13326
043,0,1,False,294
043,0,1,True,4775
043,0,2,False,9
043,0,2,True,75
043,0,3,False,3
043,0,3,True,25
043,0,4,False,14
043,0,4,True,43
043,0,5,True,5
043,0,6,False,24
043,0,6,True,41
043,1,1,False,314
043,1,1,True,2610
043,1,2,False,6
043,1,2,True,14
043,1,3,False,15
043,1,3,True,60
043,1,4,False,3
043,1,4,True,6
043,1,6,False,157
043,1,6,True,739
045,0,1,False,68
045,0,1,True,1174
045,0,2,False,5
045,0,2,True,36
045,0,3,True,3
045,0,6,False,15
045,0,6,True,7
045,1,1,False,30
045,1,1,True,161
045,1,6,False,27
045,1,6,True,111
047,0,1,False,75
047,0,1,True,712
047,0,2,False,4
047,0,2,True,15
047,0,3,False,1
047,0,3,True,8
047,0,4,False,3
047,0,4,True,16
047,0,6,False,3
047,0,6,True,4
047,1,1,False,576
047,1,1,True,5108
047,1,2,False,5
047,1,2,True,13
047,1,3,False,5
047,1,3,True,11
047,1,4,False,1
047,1,4,True,1
047,1,5,True,1
047,1,6,False,124
047,1,6,True,537
049,0,1,False,2313
049,0,1,True,24793
049,0,2,False,210
049,0,2,True,997
049,0,3,False,28
049,0,3,True,130
049,0,4,False,30
049,0,4,True,129
049,0,5,False,4
049,0,5,True,10
049,0,6,False,148
049,0,6,True,175
049,1,1,False,1180
049,1,1,True,4676
049,1,2,False,53
049,1,2,True,122
049,1,3,False,12
049,1,3,True,46
049,1,4,False,3
049,1,4,True,1
049,1,6,False,856
049,1,6,True,2190
051,0,1,False,926
051,0,1,True,10085
051,0,2,False,283
051,0,2,True,1741
051,0,3,False,9
051,0,3,True,38
051,0,4,False,1
051,0,4,True,24
051,0,5,True,3
051,0,6,False,48
051,0,6,True,33
051,1,1,False,509
051,1,1,True,1872
051,1,2,False,25
051,1,2,True,49
051,1,3,False,21
051,1,3,True,39
051,1,4,True,3
051,1,6,False,393
051,1,6,True,1085
053,0,1,False,2471
053,0,1,True,28939
053,0,2,False,138
053,0,2,True,463
053,0,3,False,16
053,0,3,True,144
053,0,4,False,36
053,0,4,True,162
053,0,5,False,1
053,0,5,True,12
053,0,6,False,123
053,0,6,True,151
053,1,1,False,1390
053,1,1,True,5025
053,1,2,False,53
053,1,2,True,112
053,1,3,False,51
053,1,3,True,79
053,1,4,False,1
053,1,4,True,4
053,1,5,True,4
053,1,6,False,870
053,1,6,True,2505
055,0,1,False,1646
055,0,1,True,15406
055,0,2,False,381
055,0,2,True,1653
055,0,3,False,16
055,0,3,True,67
055,0,4,False,47
055,0,4,True,281
055,0,5,False,3
055,0,5,True,5
055,0,6,False,55
055,0,6,True,72
055,1,1,False,2024
055,1,1,True,9789
055,1,2,False,135
055,1,2,True,416
055,1,3,False,73
055,1,3,True,149
055,1,4,False,7
055,1,4,True,22
055,1,5,False,2
055,1,5,True,3
055,1,6,False,1402
055,1,6,True,4412
057,0,1,False,820
057,0,1,True,9558
057,0,2,False,65
057,0,2,True,388
057,0,3,False,8
057,0,3,True,24
057,0,4,False,166
057,0,4,True,743
057,0,5,False,1
057,0,5,True,3
057,0,6,False,19
057,0,6,True,38
057,1,1,False,1144
057,1,1,True,5910
057,1,2,False,29
057,1,2,True,83
057,1,3,False,25
057,1,3,True,47
057,1,4,False,16
057,1,4,True,23
057,1,5,False,1
057,1,5,True,3
057,1,6,False,577
057,1,6,True,1690
059,0,1,False,1079
059,0,1,True,10662
059,0,2,False,41
059,0,2,True,93
059,0,3,False,15
059,0,3,True,40
059,0,4,False,7
059,0,4,True,49
059,0,5,False,2
059,0,5,True,5
059,0,6,False,73
059,0,6,True,78
059,1,1,False,283
059,1,1,True,700
059,1,2,False,2
059,1,2,True,5
059,1,3,False,10
059,1,3,True,10
059,1,4,True,1
059,1,5,True,1
059,1,6,False,112
059,1,6,True,276
061,0,1,False,7698
061,0,1,True,57979
061,0,2,False,234
061,0,2,True,754
061,0,3,False,88
061,0,3,True,241
061,0,4,False,444
061,0,4,True,1672
061,0,5,False,16
061,0,5,True,51
061,0,6,False,108
061,0,6,True,155
061,1,1,False,48664
061,1,1,True,239082
061,1,2,False,493
061,1,2,True,674
061,1,3,False,504
061,1,3,True,855
061,1,4,False,150
061,1,4,True,423
061,1,5,False,10
061,1,5,True,36
061,1,6,False,12349
061,1,6,True,33540
063,0,1,False,617
063,0,1,True,6347
063,0,2,False,291
063,0,2,True,1802
063,0,3,False,6
063,0,3,True,33
063,0,4,False,21
063,0,4,True,38
063,0,5,False,5
063,0,5,True,11
063,0,6,False,94
063,0,6,True,29
063,1,1,False,371
063,1,1,True,1067
063,1,2,False,24
063,1,2,True,46
063,1,3,False,17
063,1,3,True,26
063,1,4,True,1
063,1,5,True,1
063,1,6,False,402
063,1,6,True,1152
065,0,1,False,465
065,0,1,True,4999
065,0,2,False,17
065,0,2,True,18
065,0,3,False,5
065,0,3,True,53
065,0,4,False,6
065,0,4,True,13
065,0,6,False,38
065,0,6,True,32
065,1,1,False,76
065,1,1,True,263
065,1,3,False,1
065,1,3,True,8
065,1,6,False,41
065,1,6,True,147
067,0,1,False,2005
067,0,1,True,21440
067,0,2,False,622
067,0,2,True,4644
067,0,3,False,17
067,0,3,True,115
067,0,4,False,17
067,0,4,True,69
067,0,5,True,4
067,0,6,False,174
067,0,6,True,155
067,1,1,False,198
067,1,1,True,436
067,1,2,False,21
067,1,2,True,28
067,1,3,False,5
067,1,3,True,24
067,1,4,False,3
067,1,4,True,2
067,1,6,False,188
067,1,6,True,297
069,0,1,False,250
069,0,1,True,2966
069,0,2,False,34
069,0,2,True,105
069,0,3,False,11
069,0,3,True,18
069,0,4,False,3
069,0,4,True,25
069,0,6,False,4
069,0,6,True,3
069,1,1,False,368
069,1,1,True,1948
069,1,2,False,9
069,1,2,True,14
069,1,3,False,20
069,1,3,True,27
069,1,4,False,3
069,1,4,True,2
069,1,6,False,459
069,1,6,True,1793
071,0,1,False,2770
071,0,1,True,18897
071,0,2,False,419
071,0,2,True,1999
071,0,3,False,24
071,0,3,True,93
071,0,4,False,72
071,0,4,True,215
071,0,5,False,8
071,0,5,True,5
071,0,6,False,90
071,0,6,True,56
071,1,1,False,1503
071,1,1,True,4412
071,1,2,False,163
071,1,2,True,291
071,1,3,False,35
071,1,3,True,67
071,1,4,False,12
071,1,4,True,40
071,1,5,False,5
071,1,5,True,3
071,1,6,False,1147
071,1,6,True,2770
073,0,1,False,2899
073,0,1,True,28165
073,0,2,False,1054
073,0,2,True,5877
073,0,3,False,10
073,0,3,True,121
073,0,4,False,46
073,0,4,True,172
073,0,5,False,2
073,0,5,True,4
073,0,6,False,252
073,0,6,True,143
073,1,1,False,1373
073,1,1,True,4013
073,1,2,False,189
073,1,2,True,378
073,1,3,False,73
073,1,3,True,138
073,1,4,False,2
073,1,4,True,17
073,1,5,False,1
073,1,5,True,2
073,1,6,False,1795
073,1,6,True,4119
075,0,1,False,339
075,0,1,True,4455
075,0,2,False,41
075,0,2,True,516
075,0,3,False,12
075,0,3,True,16
075,0,4,False,8
075,0,4,True,39
075,0,5,False,1
075,0,5,True,1
075,0,6,False,15
075,0,6,True,20
075,1,1,False,152
075,1,1,True,828
075,1,2,False,11
075,1,2,True,130
075,1,3,False,4
075,1,3,True,8
075,1,4,False,1
075,1,4,True,2
075,1,6,False,81
075,1,6,True,361
077,0,1,False,744
077,0,1,True,9262
077,0,2,False,16
077,0,2,True,36
077,0,3,False,28
077,0,3,True,85
077,0,4,False,1
077,0,4,True,27
077,0,5,True,1
077,0,6,False,35
077,0,6,True,93
077,1,1,False,53
077,1,1,True,165
077,1,2,False,4
077,1,2,True,1
077,1,3,False,1
077,1,3,True,9
077,1,6,False,59
077,1,6,True,132
079,0,1,False,97
079,0,1,True,1402
079,0,2,False,12
079,0,2,True,96
079,0,3,True,8
079,0,4,False,2
079,0,4,True,1
079,0,5,False,2
079,0,5,True,1
079,0,6,False,1
079,0,6,True,2
079,1,1,False,131
079,1,1,True,658
079,1,2,False,6
079,1,2,True,11
079,1,3,False,4
079,1,3,True,24
079,1,4,True,2
079,1,6,False,138
079,1,6,True,529
081,0,1,False,184
081,0,1,True,2496
081,0,2,False,1
081,0,2,True,6
081,0,3,False,2
081,0,3,True,19
081,0,4,True,5
081,0,5,True,1
081,0,6,False,13
081,0,6,True,12
081,1,1,False,64
081,1,1,True,292
081,1,2,True,1
081,1,3,False,4
081,1,3,True,12
081,1,6,False,37
081,1,6,True,171
083,0,1,False,450
083,0,1,True,6706
083,0,2,False,24
083,0,2,True,162
083,0,3,False,10
083,0,3,True,30
083,0,4,False,8
083,0,4,True,24
083,0,5,True,1
083,0,6,False,16
083,0,6,True,35
083,1,1,False,110
083,1,1,True,575
083,1,2,False,5
083,1,2,True,6
083,1,3,False,5
083,1,3,True,13
083,1,6,False,157
083,1,6,True,558
085,0,1,False,68426
085,0,1,True,369637
085,0,2,False,12982
085,0,2,True,40658
085,0,3,False,818
085,0,3,True,2111
085,0,4,False,17431
085,0,4,True,63269
085,0,5,False,87
085,0,5,True,270
085,0,6,False,4785
085,0,6,True,4208
085,1,1,False,32966
085,1,1,True,89007
085,1,2,False,3993
085,1,2,True,8754
085,1,3,False,574
085,1,3,True,945
085,1,4,False,2129
085,1,4,True,4923
085,1,5,False,28
085,1,5,True,63
085,1,6,False,17908
085,1,6,True,36369
087,0,1,False,130
087,0,1,True,1846
087,0,2,False,16
087,0,2,True,109
087,0,3,False,8
087,0,3,True,32
087,0,4,True,3
087,0,6,False,13
087,0,6,True,16
087,1,1,False,45
087,1,1,True,317
087,1,2,False,3
087,1,2,True,6
087,1,3,False,4
087,1,3,True,8
087,1,4,True,1
087,1,6,False,118
087,1,6,True,382
089,0,1,False,777
089,0,1,True,11487
089,0,2,False,301
089,0,2,True,2068
089,0,3,False,2
089,0,3,True,15
089,0,4,False,20
089,0,4,True,55
089,0,5,False,4
089,0,5,True,11
089,0,6,False,31
089,0,6,True,44
089,1,1,False,617
089,1,1,True,2795
089,1,2,False,113
089,1,2,True,258
089,1,3,False,56
089,1,3,True,52
089,1,4,False,1
089,1,4,True,1
089,1,5,True,1
089,1,6,False,518
089,1,6,True,1647
091,0,1,False,7292
091,0,1,True,63223
091,0,2,False,268
091,0,2,True,967
091,0,3,False,46
091,0,3,True,265
091,0,4,False,116
091,0,4,True,641
091,0,5,False,5
091,0,5,True,38
091,0,6,False,249
091,0,6,True,262
091,1,1,False,5204
091,1,1,True,21325
091,1,2,False,148
091,1,2,True,344
091,1,3,False,88
091,1,3,True,246
091,1,4,False,19
091,1,4,True,73
091,1,5,False,2
091,1,5,True,6
091,1,6,False,2193
091,1,6,True,5452
093,0,1,False,663
093,0,1,True,9476
093,0,2,False,7
093,0,2,True,18
093,0,3,False,8
093,0,3,True,36
093,0,4,False,8
093,0,4,True,26
093,0,5,False,3
093,0,5,True,1
093,0,6,False,17
093,0,6,True,57
093,1,1,False,435
093,1,1,True,1843
093,1,2,False,16
093,1,2,True,12
093,1,3,False,18
093,1,3,True,30
093,1,4,False,1
093,1,6,False,280
093,1,6,True,1019
095,0,1,False,142
095,0,1,True,2650
095,0,2,False,5
095,0,2,True,39
095,0,3,False,2
095,0,3,True,10
095,0,4,False,3
095,0,4,True,11
095,0,5,True,5
095,0,6,True,2
095,1,1,False,96
095,1,1,True,665
095,1,2,False,7
095,1,2,True,26
095,1,3,True,4
095,1,6,False,45
095,1,6,True,375
097,0,1,False,2563
097,0,1,True,26544
097,0,2,False,206
097,0,2,True,738
097,0,3,False,63
097,0,3,True,233
097,0,4,False,46
097,0,4,True,232
097,0,5,False,13
097,0,5,True,6
097,0,6,False,172
097,0,6,True,212
097,1,1,False,1002
097,1,1,True,2834
097,1,2,False,55
097,1,2,True,55
097,1,3,False,40
097,1,3,True,66
097,1,4,False,4
097,1,4,True,8
097,1,6,False,958
097,1,6,True,2387
099,0,1,False,5595
099,0,1,True,35335
099,0,2,False,1574
099,0,2,True,7158
099,0,3,False,84
099,0,3,True,295
099,0,4,False,134
099,0,4,True,982
099,0,5,False,179
099,0,5,True,343
099,0,6,False,598
099,0,6,True,598
099,1,1,False,3020
099,1,1,True,9083
099,1,2,False,867
099,1,2,True,2344
099,1,3,False,87
099,1,3,True,173
099,1,4,False,81
099,1,4,True,226
099,1,5,False,69
099,1,5,True,71
099,1,6,False,2489
099,1,6,True,4003
101,0,1,False,72
101,0,1,True,997
101,0,2,False,19
101,0,2,True,114
101,0,3,False,3
101,0,3,True,1
101,0,5,True,1
101,0,6,False,1
101,0,6,True,3
101,1,1,False,24
101,1,1,True,119
101,1,3,True,1
101,1,6,False,36
101,1,6,True,114
103,0,1,False,146
103,0,1,True,1629
103,0,2,False,25
103,0,2,True,86
103,0,3,False,8
103,0,3,True,28
103,0,4,False,1
103,0,4,True,9
103,0,6,False,1
103,0,6,True,11
103,1,1,False,227
103,1,1,True,1241
103,1,2,False,3
103,1,2,True,11
103,1,3,False,2
103,1,3,True,6
103,1,4,True,6
103,1,6,False,162
103,1,6,True,773
105,0,1,False,95
105,0,1,True,1414
105,0,2,False,1
105,0,2,True,11
105,0,3,False,1
105,0,3,True,5
105,0,4,True,11
105,0,6,True,5
105,1,1,False,210
105,1,1,True,1373
105,1,2,False,10
105,1,2,True,8
105,1,3,False,12
105,1,3,True,16
105,1,4,True,2
105,1,5,True,3
105,1,6,False,83
105,1,6,True,459
107,0,1,False,190
107,0,1,True,2736
107,0,2,False,44
107,0,2,True,140
107,0,3,True,13
107,0,4,False,1
107,0,4,True,3
107,0,5,True,2
107,0,6,False,10
107,0,6,True,10
107,1,1,False,259
107,1,1,True,1599
107,1,2,False,13
107,1,2,True,12
107,1,3,False,6
107,1,3,True,16
107,1,4,True,2
107,1,5,True,2
107,1,6,False,192
107,1,6,True,809
109,0,1,False,30
109,0,1,True,540
109,0,2,False,1
109,0,2,True,7
109,0,3,False,1
109,0,3,True,12
109,0,4,False,2
109,0,4,True,20
109,0,6,False,6
109,0,6,True,3
109,1,1,False,152
109,1,1,True,1170
109,1,2,False,2
109,1,2,True,5
109,1,3,False,8
109,1,3,True,10
109,1,4,False,1
109,1,4,True,1
109,1,6,False,82
109,1,6,True,345
111,0,1,False,374
111,0,1,True,3331
111,0,2,False,13
111,0,2,True,55
111,0,3,False,3
111,0,3,True,29
111,0,4,False,6
111,0,4,True,32
111,0,5,False,1
111,0,5,True,4
111,0,6,False,34
111,0,6,True,21
111,1,1,False,304
111,1,1,True,1362
111,1,2,False,5
111,1,2,True,11
111,1,3,False,8
111,1,3,True,43
111,1,4,False,2
111,1,4,True,1
111,1,5,True,1
111,1,6,False,266
111,1,6,True,797
113,0,1,False,82507
113,0,1,True,677309
113,0,2,False,76135
113,0,2,True,347668
113,0,3,False,1334
113,0,3,True,4891
113,0,4,False,18215
113,0,4,True,83851
113,0,5,False,197
113,0,5,True,593
113,0,6,False,7020
113,0,6,True,8411
113,1,1,False,112217
113,1,1,True,395828
113,1,2,False,29987
113,1,2,True,74410
113,1,3,False,3836
113,1,3,True,7072
113,1,4,False,3984
113,1,4,True,13200
113,1,5,False,145
113,1,5,True,287
113,1,6,False,116358
113,1,6,True,302684
115,0,1,False,366
115,0,1,True,5074
115,0,2,False,136
115,0,2,True,544
115,0,3,False,5
115,0,3,True,21
115,0,4,False,12
115,0,4,True,34
115,0,5,True,2
115,0,6,False,25
115,0,6,True,24
115,1,1,False,775
115,1,1,True,4391
115,1,2,False,51
115,1,2,True,174
115,1,3,False,17
115,1,3,True,56
115,1,4,False,2
115,1,4,True,1
115,1,5,True,5
115,1,6,False,466
115,1,6,True,1652
117,0,1,False,720
117,0,1,True,6017
117,0,2,False,25
117,0,2,True,113
117,0,3,False,10
117,0,3,True,42
117,0,4,False,12
117,0,4,True,44
117,0,5,True,1
117,0,6,False,31
117,0,6,True,29
117,1,1,False,1634
117,1,1,True,6704
117,1,2,False,44
117,1,2,True,60
117,1,3,False,48
117,1,3,True,76
117,1,4,True,5
117,1,5,True,1
117,1,6,False,810
117,1,6,True,2946
119,0,1,False,324
119,0,1,True,3998
119,0,2,False,59
119,0,2,True,314
119,0,3,False,6
119,0,3,True,54
119,0,4,False,5
119,0,4,True,25
119,0,6,False,44
119,0,6,True,65
119,1,1,False,48
119,1,1,True,91
119,1,2,False,4
119,1,2,True,3
119,1,3,False,4
119,1,3,True,8
119,1,6,False,57
119,1,6,True,122
121,0,1,False,55193
121,0,1,True,320916
121,0,2,False,10012
121,0,2,True,32464
121,0,3,False,700
121,0,3,True,2075
121,0,4,False,7948
121,0,4,True,30763
121,0,5,False,92
121,0,5,True,292
121,0,6,False,3728
121,0,6,True,3374
121,1,1,False,31506
121,1,1,True,89645
121,1,2,False,3789
121,1,2,True,9269
121,1,3,False,600
121,1,3,True,1176
121,1,4,False,1237
121,1,4,True,3530
121,1,5,False,20
121,1,5,True,58
121,1,6,False,17382
121,1,6,True,36845
123,0,1,False,770
123,0,1,True,10520
123,0,2,False,175
123,0,2,True,1377
123,0,3,False,7
123,0,3,True,34
123,0,4,False,16
123,0,4,True,27
123,0,6,False,81
123,0,6,True,100
123,1,1,False,631
123,1,1,True,3285
123,1,2,False,147
123,1,2,True,177
123,1,3,False,6
123,1,3,True,41
123,1,4,True,1
123,1,6,False,521
123,1,6,True,2181
125,0,1,False,85
125,0,1,True,1684
125,0,2,False,5
125,0,2,True,64
125,0,3,False,9
125,0,3,True,12
125,0,4,True,18
125,0,6,False,1
125,0,6,True,6
125,1,1,False,46
125,1,1,True,237
125,1,2,False,1
125,1,2,True,29
125,1,3,False,6
125,1,3,True,11
125,1,4,False,1
125,1,4,True,3
125,1,6,False,52
125,1,6,True,174
127,0,1,False,157
127,0,1,True,1616
127,0,2,False,19
127,0,2,True,54
127,0,3,True,5
127,0,4,False,16
127,0,4,True,35
127,0,6,False,2
127,0,6,True,7
127,1,1,False,800
127,1,1,True,6287
127,1,2,False,7
127,1,2,True,19
127,1,3,False,3
127,1,3,True,26
127,1,4,False,4
127,1,4,True,1
127,1,6,False,177
127,1,6,True,761
129,0,1,False,209
129,0,1,True,3021
129,0,2,False,39
129,0,2,True,124
129,0,3,False,1
129,0,3,True,14
129,0,4,False,2
129,0,4,True,7
129,0,5,True,2
129,0,6,False,11
129,0,6,True,24
129,1,1,False,14
129,1,1,True,63
129,1,2,True,1
129,1,3,False,1
129,1,3,True,2
129,1,6,False,23
129,1,6,True,119
131,0,1,False,111
131,0,1,True,1083
131,0,2,False,4
131,0,2,True,37
131,0,3,False,2
131,0,3,True,17
131,0,4,False,1
131,0,4,True,16
131,0,5,False,4
131,0,5,True,1
131,0,6,False,1
131,0,6,True,6
131,1,1,False,935
131,1,1,True,8118
131,1,2,False,9
131,1,2,True,60
131,1,3,False,9
131,1,3,True,17
131,1,4,False,1
131,1,4,True,4
131,1,6,False,207
131,1,6,True,1139
133,0,1,False,1098
133,0,1,True,14086
133,0,2,False,40
133,0,2,True,263
133,0,3,False,14
133,0,3,True,81
133,0,4,False,6
133,0,4,True,56
133,0,5,True,8
133,0,6,False,42
133,0,6,True,75
133,1,1,False,291
133,1,1,True,1222
133,1,2,False,10
133,1,2,True,22
133,1,3,False,9
133,1,3,True,20
133,1,5,True,1
133,1,6,False,274
133,1,6,True,965
135,0,1,False,6204
135,0,1,True,51201
135,0,2,False,950
135,0,2,True,3595
135,0,3,False,112
135,0,3,True,413
135,0,4,False,189
135,0,4,True,704
135,0,5,False,29
135,0,5,True,75
135,0,6,False,144
135,0,6,True,179
135,1,1,False,8845
135,1,1,True,38403
135,1,2,False,585
135,1,2,True,1011
135,1,3,False,261
135,1,3,True,565
135,1,4,False,56
135,1,4,True,131
135,1,5,False,3
135,1,5,True,12
135,1,6,False,5733
135,1,6,True,17730
137,0,1,False,52
137,0,1,True,912
137,0,2,False,3
137,0,2,True,7
137,0,3,False,2
137,0,3,True,7
137,0,4,True,3
137,0,6,True,3
137,1,1,False,73
137,1,1,True,702
137,1,2,False,1
137,1,3,False,5
137,1,3,True,12
137,1,4,False,3
137,1,4,True,1
137,1,6,False,27
137,1,6,True,189
139,0,1,False,11614
139,0,1,True,76491
139,0,2,False,2298
139,0,2,True,9251
139,0,3,False,92
139,0,3,True,419
139,0,4,False,201
139,0,4,True,545
139,0,5,False,31
139,0,5,True,54
139,0,6,False,546
139,0,6,True,351
139,1,1,False,7555
139,1,1,True,22002
139,1,2,False,659
139,1,2,True,1274
139,1,3,False,133
139,1,3,True,249
139,1,4,False,36
139,1,4,True,69
139,1,5,False,2
139,1,5,True,8
139,1,6,False,4688
139,1,6,True,11042
141,0,1,False,20707
141,0,1,True,124252
141,0,2,False,3540
141,0,2,True,11419
141,0,3,False,429
141,0,3,True,1364
141,0,4,False,877
141,0,4,True,4810
141,0,5,False,192
141,0,5,True,502
141,0,6,False,766
141,0,6,True,840
141,1,1,False,83857
141,1,1,True,428177
141,1,2,False,3162
141,1,2,True,6743
141,1,3,False,1207
141,1,3,True,3007
141,1,4,False,562
141,1,4,True,2035
141,1,5,False,109
141,1,5,True,196
141,1,6,False,26963
141,1,6,True,74931
143,0,1,False,2290
143,0,1,True,25383
143,0,2,False,61
143,0,2,True,348
143,0,3,False,32
143,0,3,True,122
143,0,4,False,40
143,0,4,True,193
143,0,5,False,1
143,0,5,True,11
143,0,6,False,69
143,0,6,True,141
143,1,1,False,865
143,1,1,True,3903
143,1,2,False,19
143,1,2,True,23
143,1,3,False,41
143,1,3,True,96
143,1,4,False,6
143,1,4,True,18
143,1,5,False,1
143,1,6,False,980
143,1,6,True,3247
145,0,1,False,656
145,0,1,True,8695
145,0,2,False,556
145,0,2,True,3826
145,0,3,False,10
145,0,3,True,46
145,0,4,False,6
145,0,4,True,40
145,0,5,False,6
145,0,5,True,4
145,0,6,False,58
145,0,6,True,52
145,1,1,False,249
145,1,1,True,1232
145,1,2,False,39
145,1,2,True,103
145,1,3,False,18
145,1,3,True,27
145,1,6,False,506
145,1,6,True,1737
147,0,1,False,2408
147,0,1,True,24424
147,0,2,False,229
147,0,2,True,1889
147,0,3,False,50
147,0,3,True,241
147,0,4,False,23
147,0,4,True,94
147,0,5,True,6
147,0,6,False,175
147,0,6,True,245
147,1,1,False,538
147,1,1,True,1802
147,1,2,False,44
147,1,2,True,150
147,1,3,False,24
147,1,3,True,54
147,1,4,True,8
147,1,5,True,1
147,1,6,False,423
147,1,6,True,1087
149,0,1,False,1174
149,0,1,True,16922
149,0,2,False,267
149,0,2,True,1268
149,0,3,False,16
149,0,3,True,48
149,0,4,False,16
149,0,4,True,44
149,0,5,False,1
149,0,5,True,5
149,0,6,False,46
149,0,6,True,48
149,1,1,False,513
149,1,1,True,1882
149,1,2,False,32
149,1,2,True,65
149,1,3,False,51
149,1,3,True,62
149,1,4,False,1
149,1,4,True,5
149,1,5,True,1
149,1,6,False,479
149,1,6,True,1608
151,0,1,False,186
151,0,1,True,2696
151,0,2,False,15
151,0,2,True,109
151,0,3,True,10
151,0,4,False,4
151,0,4,True,3
151,0,6,False,7
151,0,6,True,15
151,1,1,False,74
151,1,1,True,488
151,1,2,False,4
151,1,2,True,8
151,1,3,True,10
151,1,4,False,1
151,1,6,False,54
151,1,6,True,290
153,0,1,False,165
153,0,1,True,2925
153,0,2,False,30
153,0,2,True,183
153,0,3,True,15
153,0,4,False,4
153,0,4,True,7
153,0,5,True,1
153,0,6,False,1
153,0,6,True,2
153,1,1,False,302
153,1,1,True,1524
153,1,2,False,7
153,1,2,True,12
153,1,3,False,9
153,1,3,True,23
153,1,6,False,224
153,1,6,True,1012
155,0,1,False,64
155,0,1,True,1054
155,0,2,False,22
155,0,2,True,31
155,0,3,True,1
155,0,4,False,2
155,0,4,True,2
155,0,6,True,4
155,1,1,False,14
155,1,1,True,79
155,1,3,True,2
155,1,4,True,1
155,1,6,False,19
155,1,6,True,41
157,0,1,False,29274
157,0,1,True,156401
157,0,2,False,19813
157,0,2,True,77295
157,0,3,False,313
157,0,3,True,665
157,0,4,False,16281
157,0,4,True,68777
157,0,5,False,53
157,0,5,True,115
157,0,6,False,2812
157,0,6,True,2872
157,1,1,False,26148
157,1,1,True,84487
157,1,2,False,8437
157,1,2,True,20273
157,1,3,False,458
157,1,3,True,866
157,1,4,False,4206
157,1,4,True,10106
157,1,5,False,23
157,1,5,True,35
157,1,6,False,16644
157,1,6,True,39021
159,0,1,False,670
159,0,1,True,7655
159,0,2,False,69
159,0,2,True,310
159,0,3,False,11
159,0,3,True,53
159,0,4,False,19
159,0,4,True,30
159,0,6,False,50
159,0,6,True,49
159,1,1,False,240
159,1,1,True,613
159,1,2,False,8
159,1,2,True,30
159,1,3,False,2
159,1,3,True,6
159,1,4,True,1
159,1,5,True,2
159,1,6,False,249
159,1,6,True,538
161,0,1,False,1220
161,0,1,True,12053
161,0,2,False,341
161,0,2,True,2721
161,0,3,False,24
161,0,3,True,47
161,0,4,False,6
161,0,4,True,40
161,0,5,True,5
161,0,6,False,36
161,0,6,True,42
161,1,1,False,353
161,1,1,True,858
161,1,2,False,36
161,1,2,True,95
161,1,3,False,21
161,1,3,True,48
161,1,4,False,5
161,1,4,True,7
161,1,6,False,536
161,1,6,True,1322
163,0,1,False,263
163,0,1,True,3714
163,0,2,False,12
163,0,2,True,314
163,0,3,False,10
163,0,3,True,25
163,0,4,False,7
163,0,4,True,214
163,0,5,True,1
163,0,6,False,7
163,0,6,True,30
163,1,1,False,1218
163,1,1,True,8131
163,1,2,False,8
163,1,2,True,250
163,1,3,False,13
163,1,3,True,37
163,1,4,False,1
163,1,4,True,145
163,1,6,False,528
163,1,6,True,2289
165,0,1,False,1276
165,0,1,True,8590
165,0,2,False,53
165,0,2,True,197
165,0,3,False,7
165,0,3,True,30
165,0,4,False,14
165,0,4,True,24
165,0,6,False,31
165,0,6,True,33
165,1,1,False,886
165,1,1,True,3974
165,1,2,False,27
165,1,2,True,28
165,1,3,False,15
165,1,3,True,50
165,1,4,False,1
165,1,4,True,5
165,1,6,False,508
165,1,6,True,1777
167,0,1,False,18147
167,0,1,True,134335
167,0,2,False,5223
167,0,2,True,28405
167,0,3,False,164
167,0,3,True,794
167,0,4,False,1381
167,0,4,True,6020
167,0,5,False,26
167,0,5,True,102
167,0,6,False,997
167,0,6,True,1005
167,1,1,False,12136
167,1,1,True,46470
167,1,2,False,1944
167,1,2,True,4540
167,1,3,False,217
167,1,3,True,573
167,1,4,False,392
167,1,4,True,897
167,1,5,False,10
167,1,5,True,11
167,1,6,False,7556
167,1,6,True,19964
169,0,1,False,269
169,0,1,True,3533
169,0,2,False,70
169,0,2,True,302
169,0,3,False,11
169,0,3,True,13
169,0,4,True,8
169,0,5,False,3
169,0,6,False,7
169,0,6,True,3
169,1,1,False,170
169,1,1,True,1376
169,1,2,False,15
169,1,2,True,33
169,1,3,False,6
169,1,3,True,6
169,1,6,False,125
169,1,6,True,511
171,0,1,False,1358
171,0,1,True,17578
171,0,2,False,10
171,0,2,True,28
171,0,3,False,11
171,0,3,True,51
171,0,4,False,19
171,0,4,True,68
171,0,5,False,3
171,0,5,True,8
171,0,6,False,26
171,0,6,True,42
171,1,1,False,628
171,1,1,True,3103
171,1,2,False,14
171,1,2,True,37
171,1,3,False,25
171,1,3,True,67
171,1,4,True,2
171,1,6,False,493
171,1,6,True,1266
173,0,1,False,62
173,0,1,True,737
173,0,2,False,6
173,0,2,True,9
173,0,3,True,3
173,0,4,True,1
173,0,5,False,1
173,0,5,True,1
173,0,6,True,2
173,1,1,False,32
173,1,1,True,213
173,1,3,True,1
173,1,6,False,39
173,1,6,True,119
175,0,1,False,332
175,0,1,True,3977
175,0,2,False,37
175,0,2,True,232
175,0,3,False,5
175,0,3,True,22
175,0,4,False,3
175,0,4,True,8
175,0,6,False,6
175,0,6,True,15
175,1,1,False,232
175,1,1,True,1494
175,1,2,False,26
175,1,2,True,48
175,1,3,False,7
175,1,3,True,16
175,1,4,False,1
175,1,4,True,3
175,1,5,True,2
175,1,6,False,156
175,1,6,True,588
177,0,1,False,655
177,0,1,True,8300
177,0,2,False,166
177,0,2,True,1054
177,0,3,False,13
177,0,3,True,20
177,0,4,False,14
177,0,4,True,61
177,0,5,True,5
177,0,6,False,18
177,0,6,True,31
177,1,1,False,858
177,1,1,True,4345
177,1,2,False,72
177,1,2,True,176
177,1,3,False,60
177,1,3,True,97
177,1,4,False,2
177,1,4,True,1
177,1,6,False,814
177,1,6,True,3045
179,0,1,False,1216
179,0,1,True,14222
179,0,2,False,147
179,0,2,True,712
179,0,3,False,14
179,0,3,True,142
179,0,4,False,13
179,0,4,True,72
179,0,5,True,1
179,0,6,False,87
179,0,6,True,109
179,1,1,False,675
179,1,1,True,2250
179,1,2,False,38
179,1,2,True,200
179,1,3,False,10
179,1,3,True,34
179,1,4,False,4
179,1,4,True,2
179,1,6,False,684
179,1,6,True,1903
181,0,1,False,8319
181,0,1,True,83246
181,0,2,False,1173
181,0,2,True,5309
181,0,3,False,291
181,0,3,True,1287
181,0,4,False,182
181,0,4,True,821
181,0,5,False,9
181,0,5,True,28
181,0,6,False,792
181,0,6,True,817
181,1,1,False,2508
181,1,1,True,7298
181,1,2,False,213
181,1,2,True,386
181,1,3,False,79
181,1,3,True,178
181,1,4,False,12
181,1,4,True,31
181,1,5,False,2
181,1,5,True,2
181,1,6,False,2443
181,1,6,True,5451
183,0,1,False,6696
183,0,1,True,62187
183,0,2,False,3593
183,0,2,True,18463
183,0,3,False,79
183,0,3,True,381
183,0,4,False,243
183,0,4,True,986
183,0,5,False,4
183,0,5,True,30
183,0,6,False,540
183,0,6,True,383
183,1,1,False,3321
183,1,1,True,9724
183,1,2,False,744
183,1,2,True,1590
183,1,3,False,96
183,1,3,True,172
183,1,4,False,10
183,1,4,True,104
183,1,5,False,7
183,1,5,True,15
183,1,6,False,3772
183,1,6,True,8590
185,0,1,False,1397
185,0,1,True,13897
185,0,2,False,419
185,0,2,True,3125
185,0,3,False,12
185,0,3,True,61
185,0,4,False,14
185,0,4,True,46
185,0,5,True,7
185,0,6,False,63
185,0,6,True,81
185,1,1,False,755
185,1,1,True,3360
185,1,2,False,106
185,1,2,True,740
185,1,3,False,15
185,1,3,True,51
185,1,4,True,3
185,1,6,False,698
185,1,6,True,1754
187,0,1,False,8658
187,0,1,True,56288
187,0,2,False,1263
187,0,2,True,4850
187,0,3,False,71
187,0,3,True,279
187,0,4,False,307
187,0,4,True,1168
187,0,5,False,25
187,0,5,True,108
187,0,6,False,428
187,0,6,True,325
187,1,1,False,8359
187,1,1,True,31712
187,1,2,False,730
187,1,2,True,1669
187,1,3,False,161
187,1,3,True,386
187,1,4,False,109
187,1,4,True,277
187,1,5,False,13
187,1,5,True,40
187,1,6,False,4276
187,1,6,True,10031
189,0,1,False,1175
189,0,1,True,13363
189,0,2,False,273
189,0,2,True,1158
189,0,3,False,18
189,0,3,True,70
189,0,4,False,21
189,0,4,True,93
189,0,5,False,6
189,0,5,True,13
189,0,6,False,44
189,0,6,True,51
189,1,1,False,1997
189,1,1,True,9135
189,1,2,False,112
189,1,2,True,382
189,1,3,False,85
189,1,3,True,177
189,1,4,False,8
189,1,4,True,20
189,1,5,True,2
189,1,6,False,1782
189,1,6,True,6288
191,0,1,False,118
191,0,1,True,1905
191,0,2,False,34
191,0,2,True,189
191,0,3,False,3
191,0,3,True,10
191,0,4,True,2
191,0,6,False,1
191,0,6,True,10
191,1,1,False,99
191,1,1,True,457
191,1,2,False,11
191,1,2,True,8
191,1,3,False,5
191,1,3,True,8
191,1,4,False,1
191,1,5,False,1
191,1,5,True,1
191,1,6,False,85
191,1,6,True,405
193,0,1,False,506
193,0,1,True,7011
193,0,2,False,9
193,0,2,True,30
193,0,3,False,8
193,0,3,True,28
193,0,4,False,6
193,0,4,True,26
193,0,5,True,1
193,0,6,False,19
193,0,6,True,26
193,1,1,False,89
193,1,1,True,307
193,1,2,False,4
193,1,2,True,3
193,1,3,False,10
193,1,3,True,22
193,1,4,True,2
193,1,6,False,118
193,1,6,True,292
195,0,1,False,291
195,0,1,True,2943
195,0,2,False,8
195,0,2,True,23
195,0,3,False,1
195,0,3,True,9
195,0,4,False,5
195,0,4,True,11
195,0,6,False,3
195,0,6,True,6
195,1,1,False,255
195,1,1,True,1104
195,1,2,False,2
195,1,2,True,3
195,1,3,False,12
195,1,3,True,30
195,1,6,False,183
195,1,6,True,724
197,0,1,False,181
197,0,1,True,2857
197,0,2,False,31
197,0,2,True,196
197,0,3,False,3
197,0,3,True,12
197,0,4,False,2
197,0,4,True,10
197,0,6,False,27
197,0,6,True,32
197,1,1,False,93
197,1,1,True,407
197,1,2,False,9
197,1,2,True,10
197,1,3,False,3
197,1,3,True,8
197,1,6,False,65
197,1,6,True,193
199,0,1,False,5204
199,0,1,True,40911
199,0,2,False,452
199,0,2,True,2724
199,0,3,False,17
199,0,3,True,164
199,0,4,False,52
199,0,4,True,199
199,0,5,False,1
199,0,5,True,5
199,0,6,False,208
199,0,6,True,186
199,1,1,False,1170
199,1,1,True,2220
199,1,2,False,7
199,1,2,True,10
199,1,3,False,9
199,1,3,True,27
199,1,4,False,10
199,1,4,True,15
199,1,6,False,409
199,1,6,True,635
201,0,1,False,168096
201,0,1,True,1111734
201,0,2,False,105748
201,0,2,True,472985
201,0,3,False,1539
201,0,3,True,5116
201,0,4,False,35554
201,0,4,True,169909
201,0,5,False,518
201,0,5,True,1460
201,0,6,False,13394
201,0,6,True,15254
201,1,1,False,226435
201,1,1,True,811991
201,1,2,False,54300
201,1,2,True,142459
201,1,3,False,7394
201,1,3,True,13714
201,1,4,False,11113
201,1,4,True,36456
201,1,5,False,355
201,1,5,True,685
201,1,6,False,187335
201,1,6,True,498915
203,0,1,False,4384
203,0,1,True,36109
203,0,2,False,1689
203,0,2,True,12390
203,0,3,False,59
203,0,3,True,215
203,0,4,False,69
203,0,4,True,258
203,0,5,False,7
203,0,5,True,17
203,0,6,False,325
203,0,6,True,178
203,1,1,False,1403
203,1,1,True,3124
203,1,2,False,97
203,1,2,True,222
203,1,3,False,82
203,1,3,True,91
203,1,4,False,3
203,1,4,True,9
203,1,5,True,7
203,1,6,False,1554
203,1,6,True,3339
205,0,1,False,396
205,0,1,True,3955
205,0,2,False,34
205,0,2,True,343
205,0,3,False,4
205,0,3,True,14
205,0,4,False,5
205,0,4,True,24
205,0,5,True,3
205,0,6,False,9
205,0,6,True,16
205,1,1,False,239
205,1,1,True,682
205,1,2,False,40
205,1,2,True,1
205,1,3,False,1
205,1,3,True,3
205,1,6,False,75
205,1,6,True,218
207,0,1,False,234
207,0,1,True,4068
207,0,2,False,33
207,0,2,True,161
207,0,3,False,12
207,0,3,True,13
207,0,4,False,2
207,0,4,True,29
207,0,6,False,24
207,0,6,True,27
207,1,1,False,84
207,1,1,True,490
207,1,2,False,13
207,1,2,True,13
207,1,3,False,3
207,1,3,True,11
207,1,6,False,122
207,1,6,True,560
209,0,1,False,10418
209,0,1,True,71392
209,0,2,False,770
209,0,2,True,2914
209,0,3,False,86
209,0,3,True,344
209,0,4,False,195
209,0,4,True,1136
209,0,5,False,25
209,0,5,True,76
209,0,6,False,362
209,0,6,True,555
209,1,1,False,8845
209,1,1,True,36057
209,1,2,False,517
209,1,2,True,1335
209,1,3,False,208
209,1,3,True,586
209,1,4,False,111
209,1,4,True,379
209,1,5,False,10
209,1,5,True,26
209,1,6,False,5859
209,1,6,True,14901
211,0,1,False,175
211,0,1,True,2466
211,0,2,False,1
211,0,2,True,3
211,0,3,False,6
211,0,3,True,6
211,0,4,False,1
211,0,4,True,16
211,0,5,True,3
211,0,6,False,5
211,0,6,True,22
211,1,1,False,132
211,1,1,True,537
211,1,2,False,2
211,1,2,True,3
211,1,3,False,2
211,1,3,True,1
211,1,4,True,1
211,1,6,False,122
211,1,6,True,303
213,0,1,False,5189
213,0,1,True,55937
213,0,2,False,665
213,0,2,True,3885
213,0,3,False,50
213,0,3,True,285
213,0,4,False,53
213,0,4,True,256
213,0,5,False,2
213,0,5,True,25
213,0,6,False,295
213,0,6,True,368
213,1,1,False,1744
213,1,1,True,4525
213,1,2,False,104
213,1,2,True,233
213,1,3,False,28
213,1,3,True,70
213,1,4,False,2
213,1,4,True,17
213,1,5,True,5
213,1,6,False,1480
213,1,6,True,3314
215,0,1,False,13507
215,0,1,True,90096
215,0,2,False,544
215,0,2,True,1498
215,0,3,False,98
215,0,3,True,331
215,0,4,False,1242
215,0,4,True,4348
215,0,5,False,12
215,0,5,True,35
215,0,6,False,153
215,0,6,True,238
215,1,1,False,101144
215,1,1,True,476902
215,1,2,False,1050
215,1,2,True,1477
215,1,3,False,811
215,1,3,True,1349
215,1,4,False,557
215,1,4,True,1331
215,1,5,False,19
215,1,5,True,28
215,1,6,False,21667
215,1,6,True,56332
217,0,1,False,2003
217,0,1,True,23326
217,0,2,False,321
217,0,2,True,1686
217,0,3,False,25
217,0,3,True,91
217,0,4,False,11
217,0,4,True,89
217,0,5,False,4
217,0,5,True,16
217,0,6,False,97
217,0,6,True,136
217,1,1,False,882
217,1,1,True,3096
217,1,2,False,73
217,1,2,True,144
217,1,3,False,13
217,1,3,True,46
217,1,4,False,3
217,1,4,True,15
217,1,6,False,815
217,1,6,True,2197
219,0,1,False,1053
219,0,1,True,10389
219,0,2,False,153
219,0,2,True,554
219,0,3,False,21
219,0,3,True,63
219,0,4,False,10
219,0,4,True,50
219,0,5,True,2
219,0,6,False,41
219,0,6,True,51
219,1,1,False,1155
219,1,1,True,5403
219,1,2,False,65
219,1,2,True,65
219,1,3,False,34
219,1,3,True,89
219,1,4,False,1
219,1,4,True,2
219,1,5,True,2
219,1,6,False,777
219,1,6,True,2955
221,0,1,False,3901
221,0,1,True,37816
221,0,2,False,48
221,0,2,True,172
221,0,3,False,49
221,0,3,True,221
221,0,4,False,53
221,0,4,True,235
221,0,5,False,5
221,0,5,True,26
221,0,6,False,142
221,0,6,True,193
221,1,1,False,1441
221,1,1,True,4220
221,1,2,False,10
221,1,2,True,22
221,1,3,False,27
221,1,3,True,62
221,1,4,False,1
221,1,4,True,14
221,1,5,False,4
221,1,5,True,4
221,1,6,False,713
221,1,6,True,1803
223,0,1,False,2335
223,0,1,True,22732
223,0,2,False,391
223,0,2,True,1963
223,0,3,False,32
223,0,3,True,125
223,0,4,False,27
223,0,4,True,143
223,0,5,False,6
223,0,5,True,8
223,0,6,False,165
223,0,6,True,112
223,1,1,False,911
223,1,1,True,2668
223,1,2,False,37
223,1,2,True,92
223,1,3,False,16
223,1,3,True,38
223,1,4,False,1
223,1,4,True,4
223,1,5,False,3
223,1,5,True,9
223,1,6,False,929
223,1,6,True,2414
225,0,1,False,1025
225,0,1,True,13703
225,0,2,False,818
225,0,2,True,5122
225,0,3,False,14
225,0,3,True,60
225,0,4,False,25
225,0,4,True,70
225,0,5,True,1
225,0,6,False,105
225,0,6,True,70
225,1,1,False,314
225,1,1,True,854
225,1,2,False,46
225,1,2,True,193
225,1,3,False,6
225,1,3,True,15
225,1,6,False,263
225,1,6,True,1028
227,0,1,False,1298
227,0,1,True,15717
227,0,2,False,482
227,0,2,True,1307
227,0,3,False,23
227,0,3,True,164
227,0,4,False,27
227,0,4,True,214
227,0,5,False,3
227,0,5,True,8
227,0,6,False,71
227,0,6,True,204
227,1,1,False,1556
227,1,1,True,7357
227,1,2,False,132
227,1,2,True,260
227,1,3,False,31
227,1,3,True,99
227,1,4,False,1
227,1,4,True,25
227,1,5,True,4
227,1,6,False,1312
227,1,6,True,4717
229,0,1,False,31
229,0,1,True,794
229,0,2,False,8
229,0,2,True,17
229,0,3,False,2
229,0,3,True,8
229,0,4,False,3
229,0,4,True,7
229,0,6,False,3
229,0,6,True,3
229,1,1,False,261
229,1,1,True,1652
229,1,2,False,7
229,1,2,True,16
229,1,3,False,12
229,1,3,True,16
229,1,4,True,6
229,1,6,False,110
229,1,6,True,520
231,0,1,False,5931
231,0,1,True,54964
231,0,2,False,1005
231,0,2,True,5493
231,0,3,False,107
231,0,3,True,459
231,0,4,False,115
231,0,4,True,739
231,0,5,False,41
231,0,5,True,83
231,0,6,False,395
231,0,6,True,405
231,1,1,False,2301
231,1,1,True,7052
231,1,2,False,243
231,1,2,True,392
231,1,3,False,86
231,1,3,True,152
231,1,4,False,9
231,1,4,True,53
231,1,5,False,10
231,1,5,True,13
231,1,6,False,1740
231,1,6,True,4341
233,0,1,False,1309
233,0,1,True,14519
233,0,2,False,89
233,0,2,True,423
233,0,3,False,34
233,0,3,True,250
233,0,4,False,19
233,0,4,True,72
233,0,5,True,3
233,0,6,False,91
233,0,6,True,153
233,1,1,False,757
233,1,1,True,2359
233,1,2,False,24
233,1,2,True,22
233,1,3,False,18
233,1,3,True,62
233,1,5,False,1
233,1,5,True,1
233,1,6,False,542
233,1,6,True,1402
235,0,1,False,71
235,0,1,True,1130
235,0,2,False,5
235,0,2,True,6
235,0,3,False,2
235,0,3,True,5
235,0,4,True,3
235,0,6,False,6
235,0,6,True,21
235,1,1,False,40
235,1,1,True,223
235,1,6,False,9
235,1,6,True,78
237,0,1,False,567
237,0,1,True,6675
237,0,2,False,21
237,0,2,True,319
237,0,3,False,1
237,0,3,True,35
237,0,4,False,3
237,0,4,True,27
237,0,5,False,2
237,0,5,True,1
237,0,6,False,18
237,0,6,True,24
237,1,1,False,154
237,1,1,True,517
237,1,3,False,8
237,1,3,True,18
237,1,4,True,1
237,1,6,False,118
237,1,6,True,535
239,0,1,False,664
239,0,1,True,7971
239,0,2,False,124
239,0,2,True,736
239,0,3,False,7
239,0,3,True,26
239,0,4,False,8
239,0,4,True,37
239,0,5,True,1
239,0,6,False,20
239,0,6,True,34
239,1,1,False,418
239,1,1,True,2393
239,1,2,False,46
239,1,2,True,82
239,1,3,False,5
239,1,3,True,19
239,1,4,False,1
239,1,4,True,4
239,1,6,False,325
239,1,6,True,1154
241,0,1,False,2645
241,0,1,True,23912
241,0,2,False,895
241,0,2,True,4882
241,0,3,False,50
241,0,3,True,113
241,0,4,False,43
241,0,4,True,157
241,0,5,False,5
241,0,5,True,7
241,0,6,False,239
241,0,6,True,125
241,1,1,False,350
241,1,1,True,831
241,1,2,False,62
241,1,2,True,120
241,1,3,False,17
241,1,3,True,17
241,1,5,True,2
241,1,6,False,400
241,1,6,True,838
243,0,1,False,72
243,0,1,True,1328
243,0,2,False,5
243,0,2,True,5
243,0,3,True,7
243,0,4,False,1
243,0,4,True,6
243,0,5,False,1
243,0,6,False,8
243,0,6,True,24
243,1,1,False,80
243,1,1,True,633
243,1,2,False,6
243,1,2,True,7
243,1,3,False,1
243,1,3,True,7
243,1,6,False,27
243,1,6,True,124
245,0,1,False,9572
245,0,1,True,94707
245,0,2,False,10339
245,0,2,True,68502
245,0,3,False,123
245,0,3,True,532
245,0,4,False,1485
245,0,4,True,6569
245,0,5,False,14
245,0,5,True,47
245,0,6,False,788
245,0,6,True,801
245,1,1,False,5863
245,1,1,True,21432
245,1,2,False,1698
245,1,2,True,4752
245,1,3,False,211
245,1,3,True,515
245,1,4,False,173
245,1,4,True,403
245,1,5,False,9
245,1,5,True,13
245,1,6,False,6018
245,1,6,True,17707
247,0,1,False,23
247,0,1,True,310
247,0,2,False,7
247,0,2,True,11
247,0,3,False,10
247,0,3,True,3
247,0,4,False,2
247,0,4,True,9
247,0,6,False,4
247,0,6,True,3
247,1,1,False,408
247,1,1,True,3917
247,1,2,False,2
247,1,2,True,2
247,1,3,False,1
247,1,3,True,6
247,1,4,True,4
247,1,6,False,85
247,1,6,True,493
249,0,1,False,1129
249,0,1,True,9375
249,0,2,False,24
249,0,2,True,113
249,0,3,False,16
249,0,3,True,72
249,0,4,False,18
249,0,4,True,101
249,0,5,True,4
249,0,6,False,18
249,0,6,True,30
249,1,1,False,3313
249,1,1,True,21803
249,1,2,False,45
249,1,2,True,55
249,1,3,False,65
249,1,3,True,117
249,1,4,False,9
249,1,4,True,23
249,1,5,True,5
249,1,6,False,928
249,1,6,True,3575
251,0,1,False,12789
251,0,1,True,91883
251,0,2,False,828
251,0,2,True,2511
251,0,3,False,158
251,0,3,True,527
251,0,4,False,154
251,0,4,True,760
251,0,5,False,187
251,0,5,True,282
251,0,6,False,569
251,0,6,True,486
251,1,1,False,6904
251,1,1,True,20046
251,1,2,False,206
251,1,2,True,434
251,1,3,False,139
251,1,3,True,254
251,1,4,False,17
251,1,4,True,51
251,1,5,False,9
251,1,5,True,15
251,1,6,False,3661
251,1,6,True,8064
253,0,1,False,757
253,0,1,True,11547
253,0,2,False,91
253,0,2,True,2200
253,0,3,False,8
253,0,3,True,50
253,0,4,False,15
253,0,4,True,61
253,0,5,True,1
253,0,6,False,58
253,0,6,True,58
253,1,1,False,336
253,1,1,True,1735
253,1,2,False,13
253,1,2,True,40
253,1,3,False,21
253,1,3,True,38
253,1,4,False,3
253,1,6,False,323
253,1,6,True,2847
255,0,1,False,363
255,0,1,True,5436
255,0,2,False,75
255,0,2,True,891
255,0,3,False,10
255,0,3,True,19
255,0,4,False,2
255,0,4,True,22
255,0,5,True,2
255,0,6,False,17
255,0,6,True,18
255,1,1,False,540
255,1,1,True,4069
255,1,2,False,32
255,1,2,True,379
255,1,3,False,16
255,1,3,True,26
255,1,4,False,3
255,1,4,True,5
255,1,6,False,522
255,1,6,True,2377
257,0,1,False,8392
257,0,1,True,56234
257,0,2,False,1739
257,0,2,True,7968
257,0,3,False,132
257,0,3,True,375
257,0,4,False,200
257,0,4,True,619
257,0,5,False,7
257,0,5,True,23
257,0,6,False,387
257,0,6,True,338
257,1,1,False,4829
257,1,1,True,12321
257,1,2,False,328
257,1,2,True,695
257,1,3,False,72
257,1,3,True,163
257,1,4,False,35
257,1,4,True,49
257,1,5,True,3
257,1,6,False,2824
257,1,6,True,5617
259,0,1,False,2491
259,0,1,True,20850
259,0,2,False,36
259,0,2,True,87
259,0,3,False,26
259,0,3,True,89
259,0,4,False,41
259,0,4,True,137
259,0,5,True,12
259,0,6,False,55
259,0,6,True,73
259,1,1,False,1466
259,1,1,True,5492
259,1,2,False,17
259,1,2,True,27
259,1,3,False,30
259,1,3,True,41
259,1,4,False,9
259,1,4,True,22
259,1,5,False,2
259,1,5,True,3
259,1,6,False,652
259,1,6,True,1752
261,0,1,False,9
261,0,1,True,61
261,0,2,True,1
261,0,3,False,4
261,0,3,True,2
261,0,4,True,1
261,0,6,False,2
261,1,1,False,24
261,1,1,True,270
261,1,2,False,1
261,1,2,True,3
261,1,6,False,14
261,1,6,True,24
263,0,1,False,46
263,0,1,True,676
263,0,2,False,2
263,0,2,True,4
263,0,3,False,1
263,0,3,True,4
263,0,6,False,2
263,0,6,True,2
263,1,1,False,12
263,1,1,True,19
263,1,2,True,2
263,1,3,False,1
263,1,3,True,1
263,1,6,False,12
263,1,6,True,24
265,0,1,False,2362
265,0,1,True,31260
265,0,2,False,138
265,0,2,True,475
265,0,3,False,13
265,0,3,True,190
265,0,4,False,51
265,0,4,True,268
265,0,5,False,3
265,0,5,True,15
265,0,6,False,83
265,0,6,True,129
265,1,1,False,1898
265,1,1,True,7985
265,1,2,False,95
265,1,2,True,176
265,1,3,False,34
265,1,3,True,118
265,1,4,False,12
265,1,4,True,42
265,1,5,False,4
265,1,5,True,8
265,1,6,False,1188
265,1,6,True,3078
267,0,1,False,184
267,0,1,True,3400
267,0,2,False,4
267,0,2,True,12
267,0,3,True,20
267,0,4,False,4
267,0,4,True,15
267,0,5,True,3
267,0,6,False,3
267,0,6,True,11
267,1,1,False,110
267,1,1,True,522
267,1,2,True,2
267,1,3,False,5
267,1,3,True,13
267,1,6,False,51
267,1,6,True,248
269,0,1,False,16
269,0,1,True,227
269,0,3,True,1
269,0,6,False,1
269,0,6,True,3
269,1,1,False,6
269,1,1,True,19
269,1,3,True,2
269,1,6,False,1
269,1,6,True,10
271,0,1,False,61
271,0,1,True,1583
271,0,2,False,5
271,0,2,True,32
271,0,3,False,4
271,0,3,True,15
271,0,4,True,10
271,0,6,False,2
271,0,6,True,6
271,1,1,False,144
271,1,1,True,1399
271,1,2,False,4
271,1,2,True,12
271,1,3,True,7
271,1,6,False,37
271,1,6,True,277
273,0,1,False,858
273,0,1,True,7737
273,0,2,False,119
273,0,2,True,715
273,0,3,False,4
273,0,3,True,33
273,0,4,False,93
273,0,4,True,426
273,0,5,False,5
273,0,5,True,19
273,0,6,False,15
273,0,6,True,57
273,1,1,False,2214
273,1,1,True,14809
273,1,2,False,93
273,1,2,True,274
273,1,3,False,29
273,1,3,True,130
273,1,4,False,33
273,1,4,True,199
273,1,5,False,5
273,1,5,True,8
273,1,6,False,970
273,1,6,True,3216
275,0,1,False,125
275,0,1,True,2186
275,0,2,False,36
275,0,2,True,169
275,0,3,False,6
275,0,3,True,8
275,0,4,True,7
275,0,5,True,1
275,0,6,False,8
275,0,6,True,8
275,1,1,False,80
275,1,1,True,451
275,1,2,False,3
275,1,2,True,6
275,1,3,False,3
275,1,3,True,4
275,1,6,False,120
275,1,6,True,498
277,0,1,False,3456
277,0,1,True,33787
277,0,2,False,917
277,0,2,True,5589
277,0,3,False,111
277,0,3,True,478
277,0,4,False,58
277,0,4,True,242
277,0,5,False,1
277,0,5,True,4
277,0,6,False,409
277,0,6,True,464
277,1,1,False,729
277,1,1,True,1517
277,1,2,False,85
277,1,2,True,112
277,1,3,False,32
277,1,3,True,79
277,1,4,False,8
277,1,4,True,3
277,1,5,False,2
277,1,5,True,3
277,1,6,False,724
277,1,6,True,983
279,0,1,False,446
279,0,1,True,6006
279,0,2,False,92
279,0,2,True,435
279,0,3,False,6
279,0,3,True,32
279,0,4,False,1
279,0,4,True,14
279,0,5,True,4
279,0,6,False,35
279,0,6,True,24
279,1,1,False,625
279,1,1,True,3326
279,1,2,False,27
279,1,2,True,44
279,1,3,False,33
279,1,3,True,58
279,1,4,True,5
279,1,6,False,514
279,1,6,True,2250
281,0,1,False,1239
281,0,1,True,12601
281,0,2,False,72
281,0,2,True,428
281,0,3,False,27
281,0,3,True,96
281,0,4,False,21
281,0,4,True,148
281,0,5,False,6
281,0,5,True,29
281,0,6,False,131
281,0,6,True,134
281,1,1,False,641
281,1,1,True,2311
281,1,2,False,33
281,1,2,True,99
281,1,3,False,14
281,1,3,True,40
281,1,4,False,10
281,1,4,True,22
281,1,5,False,2
281,1,5,True,2
281,1,6,False,442
281,1,6,True,1129
283,0,1,False,79
283,0,1,True,1742
283,0,2,False,2
283,0,2,True,16
283,0,3,True,24
283,0,4,True,6
283,0,6,False,2
283,0,6,True,10
283,1,1,False,513
283,1,1,True,3842
283,1,2,False,8
283,1,2,True,8
283,1,3,False,1
283,1,3,True,15
283,1,4,True,1
283,1,6,False,86
283,1,6,True,531
285,0,1,False,953
285,0,1,True,13819
285,0,2,False,187
285,0,2,True,1002
285,0,3,False,4
285,0,3,True,26
285,0,4,False,16
285,0,4,True,40
285,0,5,False,6
285,0,5,True,11
285,0,6,False,40
285,0,6,True,45
285,1,1,False,334
285,1,1,True,1457
285,1,2,False,53
285,1,2,True,59
285,1,3,False,13
285,1,3,True,17
285,1,6,False,308
285,1,6,True,873
287,0,1,False,964
287,0,1,True,9844
287,0,2,False,238
287,0,2,True,1457
287,0,3,False,5
287,0,3,True,38
287,0,4,False,15
287,0,4,True,37
287,0,5,False,3
287,0,5,True,14
287,0,6,False,70
287,0,6,True,36
287,1,1,False,478
287,1,1,True,1815
287,1,2,False,39
287,1,2,True,73
287,1,3,False,19
287,1,3,True,42
287,1,4,False,2
287,1,4,True,1
287,1,5,True,1
287,1,6,False,394
287,1,6,True,1027
289,0,1,False,947
289,0,1,True,11993
289,0,2,False,112
289,0,2,True,1058
289,0,3,False,6
289,0,3,True,50
289,0,4,False,15
289,0,4,True,55
289,0,5,True,2
289,0,6,False,39
289,0,6,True,74
289,1,1,False,285
289,1,1,True,1033
289,1,2,False,6
289,1,2,True,26
289,1,3,False,6
289,1,3,True,9
289,1,4,False,4
289,1,4,True,7
289,1,6,False,320
289,1,6,True,754
291,0,1,False,5443
291,0,1,True,43430
291,0,2,False,1152
291,0,2,True,6350
291,0,3,False,37
291,0,3,True,237
291,0,4,False,43
291,0,4,True,248
291,0,5,False,1
291,0,5,True,22
291,0,6,False,237
291,0,6,True,303
291,1,1,False,2248
291,1,1,True,7242
291,1,2,False,153
291,1,2,True,547
291,1,3,False,43
291,1,3,True,113
291,1,4,False,12
291,1,4,True,45
291,1,5,False,2
291,1,5,True,1
291,1,6,False,2094
291,1,6,True,5640
293,0,1,False,998
293,0,1,True,13112
293,0,2,False,464
293,0,2,True,3402
293,0,3,False,10
293,0,3,True,54
293,0,4,False,14
293,0,4,True,65
293,0,5,True,1
293,0,6,False,101
293,0,6,True,73
293,1,1,False,436
293,1,1,True,1593
293,1,2,False,83
293,1,2,True,154
293,1,3,False,22
293,1,3,True,35
293,1,4,False,1
293,1,4,True,10
293,1,5,False,1
293,1,5,True,5
293,1,6,False,735
293,1,6,True,2015
295,0,1,False,169
295,0,1,True,2101
295,0,2,False,5
295,0,2,True,2
295,0,3,False,8
295,0,3,True,16
295,0,4,False,4
295,0,4,True,5
295,0,6,False,7
295,0,6,True,24
295,1,1,False,117
295,1,1,True,458
295,1,2,False,2
295,1,2,True,16
295,1,3,False,3
295,1,3,True,10
295,1,4,True,1
295,1,6,False,94
295,1,6,True,260
297,0,1,False,460
297,0,1,True,6236
297,0,2,False,28
297,0,2,True,274
297,0,3,False,7
297,0,3,True,43
297,0,4,False,6
297,0,4,True,50
297,0,5,True,2
297,0,6,False,10
297,0,6,True,32
297,1,1,False,451
297,1,1,True,2960
297,1,2,False,7
297,1,2,True,193
297,1,3,False,6
297,1,3,True,36
297,1,4,True,1
297,1,5,True,1
297,1,6,False,108
297,1,6,True,620
299,0,1,False,988
299,0,1,True,16130
299,0,2,False,16
299,0,2,True,78
299,0,3,False,10
299,0,3,True,72
299,0,4,False,11
299,0,4,True,65
299,0,5,False,1
299,0,5,True,4
299,0,6,False,47
299,0,6,True,82
299,1,1,False,254
299,1,1,True,947
299,1,2,False,8
299,1,2,True,10
299,1,3,False,13
299,1,3,True,23
299,1,4,False,1
299,1,6,False,174
299,1,6,True,367
301,0,1,False,3
301,0,1,True,60
301,0,3,True,4
301,1,1,False,1
301,1,1,True,1
301,1,6,False,2
301,1,6,True,11
303,0,1,False,14950
303,0,1,True,129037
303,0,2,False,3133
303,0,2,True,13223
303,0,3,False,186
303,0,3,True,727
303,0,4,False,826
303,0,4,True,4025
303,0,5,False,31
303,0,5,True,123
303,0,6,False,562
303,0,6,True,698
303,1,1,False,13273
303,1,1,True,58259
303,1,2,False,1328
303,1,2,True,3268
303,1,3,False,342
303,1,3,True,785
303,1,4,False,118
303,1,4,True,784
303,1,5,False,9
303,1,5,True,25
303,1,6,False,8361
303,1,6,True,24758
305,0,1,False,216
305,0,1,True,2899
305,0,2,False,20
305,0,2,True,88
305,0,3,False,11
305,0,3,True,15
305,0,4,False,2
305,0,4,True,6
305,0,6,False,9
305,0,6,True,9
305,1,1,False,266
305,1,1,True,1367
305,1,2,False,7
305,1,2,True,12
305,1,3,False,13
305,1,3,True,33
305,1,6,False,192
305,1,6,True,750
307,0,1,False,351
307,0,1,True,5228
307,0,2,False,23
307,0,2,True,111
307,0,3,False,1
307,0,3,True,19
307,0,4,False,10
307,0,4,True,19
307,0,5,True,1
307,0,6,False,10
307,0,6,True,18
307,1,1,False,184
307,1,1,True,1184
307,1,2,False,9
307,1,2,True,17
307,1,3,False,9
307,1,3,True,26
307,1,6,False,186
307,1,6,True,877
309,0,1,False,12491
309,0,1,True,112351
309,0,2,False,4445
309,0,2,True,25251
309,0,3,False,115
309,0,3,True,512
309,0,4,False,407
309,0,4,True,2347
309,0,5,False,16
309,0,5,True,68
309,0,6,False,797
309,0,6,True,674
309,1,1,False,8174
309,1,1,True,31021
309,1,2,False,1363
309,1,2,True,3708
309,1,3,False,298
309,1,3,True,548
309,1,4,False,80
309,1,4,True,386
309,1,5,False,11
309,1,5,True,12
309,1,6,False,7774
309,1,6,True,22057
311,0,1,False,14
311,0,1,True,432
311,0,2,False,2
311,0,2,True,6
311,0,4,True,3
311,0,6,True,1
311,1,1,False,26
311,1,1,True,171
311,1,6,False,16
311,1,6,True,36
313,0,1,False,795
313,0,1,True,7237
313,0,2,False,484
313,0,2,True,2072
313,0,3,False,4
313,0,3,True,27
313,0,4,False,25
313,0,4,True,52
313,0,5,True,1
313,0,6,False,51
313,0,6,True,34
313,1,1,False,278
313,1,1,True,839
313,1,2,False,29
313,1,2,True,134
313,1,3,False,6
313,1,3,True,31
313,1,4,False,1
313,1,4,True,1
313,1,5,True,2
313,1,6,False,324
313,1,6,True,1237
315,0,1,False,448
315,0,1,True,7166
315,0,2,False,251
315,0,2,True,2068
315,0,3,False,7
315,0,3,True,67
315,0,4,False,9
315,0,4,True,41
315,0,5,True,3
315,0,6,False,85
315,0,6,True,127
315,1,1,False,31
315,1,1,True,107
315,1,2,False,4
315,1,2,True,2
315,1,3,False,4
315,1,3,True,7
315,1,6,False,43
315,1,6,True,76
317,0,1,False,242
317,0,1,True,2358
317,0,2,False,27
317,0,2,True,38
317,0,3,False,2
317,0,3,True,11
317,0,4,False,1
317,0,4,True,10
317,0,5,False,2
317,0,5,True,1
317,0,6,False,9
317,0,6,True,8
317,1,1,False,221
317,1,1,True,1246
317,1,2,False,10
317,1,2,True,3
317,1,3,False,5
317,1,3,True,12
317,1,4,False,1
317,1,6,False,126
317,1,6,True,466
319,0,1,False,168
319,0,1,True,3005
319,0,2,False,4
319,0,2,True,10
319,0,3,False,4
319,0,3,True,7
319,0,4,False,2
319,0,4,True,5
319,0,6,False,6
319,0,6,True,3
319,1,1,False,73
319,1,1,True,485
319,1,2,False,3
319,1,2,True,1
319,1,3,False,1
319,1,3,True,6
319,1,6,False,51
319,1,6,True,178
321,0,1,False,1346
321,0,1,True,15942
321,0,2,False,525
321,0,2,True,3058
321,0,3,False,21
321,0,3,True,81
321,0,4,False,123
321,0,4,True,538
321,0,5,True,6
321,0,6,False,72
321,0,6,True,85
321,1,1,False,1570
321,1,1,True,7279
321,1,2,False,190
321,1,2,True,427
321,1,3,False,50
321,1,3,True,106
321,1,4,False,27
321,1,4,True,31
321,1,5,True,2
321,1,6,False,1154
321,1,6,True,4069
323,0,1,False,603
323,0,1,True,2214
323,0,2,False,11
323,0,2,True,49
323,0,3,False,111
323,0,3,True,307
323,0,4,False,18
323,0,4,True,97
323,0,5,True,2
323,0,6,False,4
323,0,6,True,6
323,1,1,False,7320
323,1,1,True,39480
323,1,2,False,29
323,1,2,True,46
323,1,3,False,93
323,1,3,True,131
323,1,4,False,24
323,1,4,True,38
323,1,5,False,1
323,1,5,True,1
323,1,6,False,927
323,1,6,True,2746
325,0,1,False,2166
325,0,1,True,19807
325,0,2,False,50
325,0,2,True,600
325,0,3,False,28
325,0,3,True,78
325,0,4,False,14
325,0,4,True,233
325,0,5,False,4
325,0,5,True,21
325,0,6,False,58
325,0,6,True,50
325,1,1,False,2588
325,1,1,True,14808
325,1,2,False,45
325,1,2,True,317
325,1,3,False,64
325,1,3,True,161
325,1,4,False,14
325,1,4,True,35
325,1,5,False,4
325,1,5,True,7
325,1,6,False,1117
325,1,6,True,3737
327,0,1,False,69
327,0,1,True,1386
327,0,2,False,1
327,0,2,True,10
327,0,3,False,1
327,0,3,True,6
327,0,4,True,3
327,0,6,True,4
327,1,1,False,36
327,1,1,True,356
327,1,2,False,1
327,1,2,True,1
327,1,3,False,5
327,1,3,True,6
327,1,6,False,58
327,1,6,True,299
329,0,1,False,7973
329,0,1,True,59643
329,0,2,False,1401
329,0,2,True,5615
329,0,3,False,96
329,0,3,True,372
329,0,4,False,334
329,0,4,True,1137
329,0,5,False,11
329,0,5,True,25
329,0,6,False,287
329,0,6,True,324
329,1,1,False,7681
329,1,1,True,30005
329,1,2,False,640
329,1,2,True,1431
329,1,3,False,161
329,1,3,True,384
329,1,4,False,76
329,1,4,True,168
329,1,5,False,7
329,1,5,True,11
329,1,6,False,4918
329,1,6,True,14172
331,0,1,False,1261
331,0,1,True,14452
331,0,2,False,372
331,0,2,True,1897
331,0,3,False,11
331,0,3,True,59
331,0,4,False,21
331,0,4,True,74
331,0,6,False,61
331,0,6,True,58
331,1,1,False,780
331,1,1,True,2854
331,1,2,False,70
331,1,2,True,134
331,1,3,False,27
331,1,3,True,74
331,1,4,True,1
331,1,5,True,1
331,1,6,False,660
331,1,6,True,1890
333,0,1,False,270
333,0,1,True,3752
333,0,2,False,22
333,0,2,True,4
333,0,3,True,16
333,0,4,False,1
333,0,4,True,9
333,0,5,True,1
333,0,6,False,13
333,0,6,True,28
333,1,1,False,87
333,1,1,True,331
333,1,3,False,1
333,1,3,True,2
333,1,4,True,1
333,1,6,False,83
333,1,6,True,315
335,0,1,False,325
335,0,1,True,4185
335,0,2,False,183
335,0,2,True,795
335,0,3,False,4
335,0,3,True,40
335,0,4,False,5
335,0,4,True,23
335,0,6,False,9
335,0,6,True,21
335,1,1,False,244
335,1,1,True,1679
335,1,2,False,35
335,1,2,True,47
335,1,3,False,4
335,1,3,True,22
335,1,6,False,410
335,1,6,True,1372
337,0,1,False,1251
337,0,1,True,16078
337,0,2,False,21
337,0,2,True,16
337,0,3,False,31
337,0,3,True,101
337,0,4,False,11
337,0,4,True,48
337,0,5,True,3
337,0,6,False,67
337,0,6,True,91
337,1,1,False,269
337,1,1,True,786
337,1,2,False,10
337,1,2,True,6
337,1,3,False,16
337,1,3,True,27
337,1,4,False,2
337,1,4,True,1
337,1,5,False,1
337,1,6,False,267
337,1,6,True,616
339,0,1,False,39788
339,0,1,True,240838
339,0,2,False,3425
339,0,2,True,11561
339,0,3,False,365
339,0,3,True,1169
339,0,4,False,1800
339,0,4,True,6062
339,0,5,False,47
339,0,5,True,183
339,0,6,False,1698
339,0,6,True,1427
339,1,1,False,25297
339,1,1,True,74670
339,1,2,False,1456
339,1,2,True,2959
339,1,3,False,662
339,1,3,True,1152
339,1,4,False,496
339,1,4,True,1188
339,1,5,False,21
339,1,5,True,60
339,1,6,False,12292
339,1,6,True,27130
341,0,1,False,935
341,0,1,True,7586
341,0,2,False,52
341,0,2,True,202
341,0,3,False,16
341,0,3,True,77
341,0,4,False,297
341,0,4,True,988
341,0,5,False,5
341,0,5,True,13
341,0,6,False,49
341,0,6,True,68
341,1,1,False,1450
341,1,1,True,5915
341,1,2,False,20
341,1,2,True,62
341,1,3,False,63
341,1,3,True,124
341,1,4,False,18
341,1,4,True,34
341,1,6,False,981
341,1,6,True,2949
343,0,1,False,684
343,0,1,True,7772
343,0,2,False,359
343,0,2,True,2583
343,0,3,False,11
343,0,3,True,68
343,0,4,False,9
343,0,4,True,33
343,0,5,True,3
343,0,6,False,109
343,0,6,True,80
343,1,1,False,131
343,1,1,True,427
343,1,2,False,17
343,1,2,True,17
343,1,3,False,4
343,1,3,True,10
343,1,4,False,3
343,1,5,False,3
343,1,5,True,1
343,1,6,False,204
343,1,6,True,406
345,0,1,False,56
345,0,1,True,996
345,0,2,False,2
345,0,2,True,22
345,0,3,False,2
345,0,3,True,7
345,0,6,False,1
345,0,6,True,1
345,1,1,False,17
345,1,1,True,46
345,1,3,True,1
345,1,6,False,18
345,1,6,True,41
347,0,1,False,3791
347,0,1,True,33824
347,0,2,False,1607
347,0,2,True,8946
347,0,3,False,39
347,0,3,True,162
347,0,4,False,144
347,0,4,True,603
347,0,5,False,1
347,0,5,True,15
347,0,6,False,250
347,0,6,True,244
347,1,1,False,1718
347,1,1,True,4916
347,1,2,False,284
347,1,2,True,894
347,1,3,False,55
347,1,3,True,109
347,1,4,False,6
347,1,4,True,44
347,1,5,False,2
347,1,5,True,7
347,1,6,False,1928
347,1,6,True,4935
349,0,1,False,2304
349,0,1,True,24697
349,0,2,False,821
349,0,2,True,5321
349,0,3,False,24
349,0,3,True,124
349,0,4,False,46
349,0,4,True,179
349,0,5,False,104
349,0,5,True,250
349,0,6,False,173
349,0,6,True,139
349,1,1,False,1426
349,1,1,True,4715
349,1,2,False,150
349,1,2,True,314
349,1,3,False,47
349,1,3,True,110
349,1,4,False,10
349,1,4,True,18
349,1,5,False,7
349,1,5,True,21
349,1,6,False,1871
349,1,6,True,4864
351,0,1,False,1031
351,0,1,True,9871
351,0,2,False,284
351,0,2,True,2585
351,0,3,False,15
351,0,3,True,62
351,0,4,False,11
351,0,4,True,51
351,0,5,True,1
351,0,6,False,86
351,0,6,True,91
351,1,1,False,95
351,1,1,True,108
351,1,2,False,5
351,1,2,True,27
351,1,3,True,3
351,1,6,False,52
351,1,6,True,67
353,0,1,False,693
353,0,1,True,8649
353,0,2,False,112
353,0,2,True,466
353,0,3,False,5
353,0,3,True,37
353,0,4,False,8
353,0,4,True,47
353,0,6,False,30
353,0,6,True,28
353,1,1,False,503
353,1,1,True,2883
353,1,2,False,57
353,1,2,True,80
353,1,3,False,18
353,1,3,True,35
353,1,4,False,5
353,1,4,True,7
353,1,6,False,381
353,1,6,True,1172
355,0,1,False,13429
355,0,1,True,106164
355,0,2,False,1847
355,0,2,True,7124
355,0,3,False,124
355,0,3,True,628
355,0,4,False,778
355,0,4,True,3567
355,0,5,False,49
355,0,5,True,145
355,0,6,False,402
355,0,6,True,638
355,1,1,False,24393
355,1,1,True,133416
355,1,2,False,1455
355,1,2,True,3211
355,1,3,False,350
355,1,3,True,1026
355,1,4,False,313
355,1,4,True,1073
355,1,5,False,20
355,1,5,True,55
355,1,6,False,9640
355,1,6,True,30376
357,0,1,False,520
357,0,1,True,4774
357,0,2,False,10
357,0,2,True,10
357,0,3,False,16
357,0,3,True,46
357,0,4,False,6
357,0,4,True,16
357,0,5,False,1
357,0,5,True,2
357,0,6,False,8
357,0,6,True,14
357,1,1,False,670
357,1,1,True,2783
357,1,2,False,7
357,1,2,True,12
357,1,3,False,7
357,1,3,True,29
357,1,4,False,3
357,1,4,True,3
357,1,5,True,1
357,1,6,False,324
357,1,6,True,961
359,0,1,False,149
359,0,1,True,1601
359,0,2,False,35
359,0,2,True,12
359,0,3,False,6
359,0,3,True,4
359,0,4,False,3
359,0,4,True,14
359,0,6,False,3
359,1,1,False,20
359,1,1,True,80
359,1,2,False,14
359,1,2,True,1
359,1,3,False,1
359,1,3,True,2
359,1,6,False,50
359,1,6,True,57
361,0,1,False,7361
361,0,1,True,57816
361,0,2,False,1111
361,0,2,True,5666
361,0,3,False,72
361,0,3,True,263
361,0,4,False,174
361,0,4,True,588
361,0,5,False,11
361,0,5,True,27
361,0,6,False,403
361,0,6,True,393
361,1,1,False,1569
361,1,1,True,3732
361,1,2,False,59
361,1,2,True,143
361,1,3,False,28
361,1,3,True,63
361,1,4,False,10
361,1,4,True,32
361,1,5,False,2
361,1,5,True,3
361,1,6,False,868
361,1,6,True,1443
363,0,1,False,1741
363,0,1,True,19464
363,0,2,False,121
363,0,2,True,461
363,0,3,False,26
363,0,3,True,109
363,0,4,False,18
363,0,4,True,113
363,0,5,False,2
363,0,5,True,9
363,0,6,False,82
363,0,6,True,104
363,1,1,False,764
363,1,1,True,2528
363,1,2,False,21
363,1,2,True,18
363,1,3,False,26
363,1,3,True,41
363,1,4,True,3
363,1,5,False,3
363,1,6,False,691
363,1,6,True,1766
365,0,1,False,1592
365,0,1,True,15534
365,0,2,False,483
365,0,2,True,3293
365,0,3,False,18
365,0,3,True,71
365,0,4,False,23
365,0,4,True,46
365,0,5,False,1
365,0,5,True,2
365,0,6,False,80
365,0,6,True,79
365,1,1,False,348
365,1,1,True,793
365,1,2,False,34
365,1,2,True,57
365,1,3,False,8
365,1,3,True,8
365,1,4,False,1
365,1,4,True,3
365,1,6,False,441
365,1,6,True,881
367,0,1,False,10609
367,0,1,True,81631
367,0,2,False,251
367,0,2,True,1268
367,0,3,False,148
367,0,3,True,580
367,0,4,False,135
367,0,4,True,472
367,0,5,False,9
367,0,5,True,22
367,0,6,False,478
367,0,6,True,495
367,1,1,False,4025
367,1,1,True,10597
367,1,2,False,62
367,1,2,True,334
367,1,3,False,60
367,1,3,True,121
367,1,4,False,14
367,1,4,True,18
367,1,5,False,2
367,1,5,True,7
367,1,6,False,1812
367,1,6,True,3777
369,0,1,False,315
369,0,1,True,4045
369,0,2,False,16
369,0,2,True,76
369,0,3,False,1
369,0,3,True,13
369,0,4,False,4
369,0,4,True,12
369,0,5,False,1
369,0,5,True,5
369,0,6,False,5
369,0,6,True,9
369,1,1,False,610
369,1,1,True,2999
369,1,2,False,12
369,1,2,True,15
369,1,3,False,33
369,1,3,True,53
369,1,4,False,2
369,1,4,True,7
369,1,5,False,7
369,1,5,True,8
369,1,6,False,344
369,1,6,True,1677
371,0,1,False,334
371,0,1,True,3964
371,0,2,False,18
371,0,2,True,319
371,0,3,False,4
371,0,3,True,42
371,0,4,False,15
371,0,4,True,58
371,0,5,True,5
371,0,6,False,7
371,0,6,True,24
371,1,1,False,931
371,1,1,True,7078
371,1,2,False,23
371,1,2,True,212
371,1,3,False,15
371,1,3,True,64
371,1,4,False,4
371,1,4,True,2
371,1,6,False,440
371,1,6,True,1948
373,0,1,False,2610
373,0,1,True,28490
373,0,2,False,755
373,0,2,True,4055
373,0,3,False,120
373,0,3,True,623
373,0,4,False,33
373,0,4,True,132
373,0,5,True,7
373,0,6,False,147
373,0,6,True,156
373,1,1,False,934
373,1,1,True,3048
373,1,2,False,96
373,1,2,True,305
373,1,3,False,44
373,1,3,True,94
373,1,4,False,5
373,1,4,True,18
373,1,5,False,2
373,1,5,True,1
373,1,6,False,1000
373,1,6,True,2738
375,0,1,False,6275
375,0,1,True,50576
375,0,2,False,1898
375,0,2,True,7613
375,0,3,False,97
375,0,3,True,440
375,0,4,False,881
375,0,4,True,3078
375,0,5,False,13
375,0,5,True,29
375,0,6,False,438
375,0,6,True,316
375,1,1,False,6081
375,1,1,True,21591
375,1,2,False,809
375,1,2,True,2045
375,1,3,False,132
375,1,3,True,335
375,1,4,False,253
375,1,4,True,610
375,1,5,False,11
375,1,5,True,10
375,1,6,False,5135
375,1,6,True,12407
377,0,1,False,65
377,0,1,True,1303
377,0,2,False,10
377,0,2,True,13
377,0,3,False,5
377,0,3,True,16
377,0,4,False,22
377,0,4,True,52
377,0,6,False,10
377,0,6,True,10
377,1,1,False,550
377,1,1,True,4797
377,1,2,False,14
377,1,2,True,10
377,1,3,False,12
377,1,3,True,24
377,1,4,False,2
377,1,6,False,173
377,1,6,True,730
379,0,1,False,813
379,0,1,True,8424
379,0,2,False,36
379,0,2,True,209
379,0,3,False,31
379,0,3,True,66
379,0,4,False,13
379,0,4,True,42
379,0,5,True,1
379,0,6,False,42
379,0,6,True,70
379,1,1,False,203
379,1,1,True,513
379,1,2,False,1
379,1,2,True,10
379,1,3,False,9
379,1,3,True,7
379,1,6,False,142
379,1,6,True,282
381,0,1,False,10084
381,0,1,True,76887
381,0,2,False,594
381,0,2,True,1705
381,0,3,False,102
381,0,3,True,435
381,0,4,False,302
381,0,4,True,1164
381,0,5,False,1
381,0,5,True,23
381,0,6,False,399
381,0,6,True,348
381,1,1,False,5249
381,1,1,True,15085
381,1,2,False,214
381,1,2,True,354
381,1,3,False,73
381,1,3,True,212
381,1,4,False,63
381,1,4,True,155
381,1,5,False,6
381,1,5,True,11
381,1,6,False,2280
381,1,6,True,4979
383,0,1,False,83
383,0,1,True,1189
383,0,2,False,7
383,0,2,True,52
383,0,3,True,5
383,0,4,True,1
383,0,6,False,2
383,0,6,True,2
383,1,1,False,210
383,1,1,True,1114
383,1,2,False,1
383,1,2,True,10
383,1,3,False,3
383,1,3,True,12
383,1,4,False,2
383,1,4,True,3
383,1,6,False,106
383,1,6,True,565
385,0,1,False,153
385,0,1,True,2203
385,0,2,False,8
385,0,2,True,5
385,0,3,False,4
385,0,3,True,15
385,0,4,False,1
385,0,4,True,1
385,0,5,True,12
385,0,6,False,4
385,0,6,True,22
385,1,1,False,107
385,1,1,True,533
385,1,2,False,3
385,1,2,True,6
385,1,3,False,4
385,1,3,True,14
385,1,6,False,35
385,1,6,True,179
387,0,1,False,655
387,0,1,True,8861
387,0,2,False,179
387,0,2,True,2017
387,0,3,False,15
387,0,3,True,81
387,0,4,False,2
387,0,4,True,21
387,0,6,False,73
387,0,6,True,71
387,1,1,False,72
387,1,1,True,250
387,1,2,False,16
387,1,2,True,21
387,1,3,False,14
387,1,3,True,15
387,1,5,True,1
387,1,6,False,128
387,1,6,True,368
389,0,1,False,178
389,0,1,True,2248
389,0,2,False,47
389,0,2,True,617
389,0,3,False,3
389,0,3,True,19
389,0,4,False,19
389,0,4,True,95
389,0,5,True,2
389,0,6,False,5
389,0,6,True,8
389,1,1,False,818
389,1,1,True,7401
389,1,2,False,6
389,1,2,True,20
389,1,3,False,9
389,1,3,True,33
389,1,4,False,1
389,1,4,True,4
389,1,5,False,1
389,1,5,True,3
389,1,6,False,450
389,1,6,True,1796
391,0,1,False,241
391,0,1,True,3222
391,0,2,False,64
391,0,2,True,364
391,0,3,False,1
391,0,3,True,23
391,0,4,False,3
391,0,4,True,23
391,0,6,False,16
391,0,6,True,11
391,1,1,False,300
391,1,1,True,2180
391,1,2,False,21
391,1,2,True,34
391,1,3,True,18
391,1,4,True,7
391,1,6,False,148
391,1,6,True,707
393,0,1,False,60
393,0,1,True,786
393,0,3,True,3
393,0,4,True,2
393,0,6,False,2
393,0,6,True,7
393,1,1,False,7
393,1,1,True,18
393,1,2,True,1
393,1,6,False,14
393,1,6,True,29
395,0,1,False,804
395,0,1,True,8775
395,0,2,False,429
395,0,2,True,2941
395,0,3,False,12
395,0,3,True,36
395,0,4,False,29
395,0,4,True,66
395,0,6,False,41
395,0,6,True,57
395,1,1,False,317
395,1,1,True,1351
395,1,2,False,72
395,1,2,True,144
395,1,3,False,18
395,1,3,True,30
395,1,4,True,8
395,1,5,True,1
395,1,6,False,341
395,1,6,True,1150
397,0,1,False,7351
397,0,1,True,44303
397,0,2,False,995
397,0,2,True,2959
397,0,3,False,80
397,0,3,True,223
397,0,4,False,428
397,0,4,True,1313
397,0,5,False,14
397,0,5,True,34
397,0,6,False,398
397,0,6,True,245
397,1,1,False,3988
397,1,1,True,9872
397,1,2,False,205
397,1,2,True,362
397,1,3,False,76
397,1,3,True,93
397,1,4,False,49
397,1,4,True,107
397,1,5,False,6
397,1,5,True,2
397,1,6,False,1809
397,1,6,True,3425
399,0,1,False,447
399,0,1,True,6354
399,0,2,False,30
399,0,2,True,134
399,0,3,False,11
399,0,3,True,31
399,0,4,False,3
399,0,4,True,16
399,0,6,False,10
399,0,6,True,27
399,1,1,False,303
399,1,1,True,1631
399,1,2,False,19
399,1,2,True,9
399,1,3,False,9
399,1,3,True,20
399,1,4,False,1
399,1,4,True,1
399,1,5,False,1
399,1,5,True,2
399,1,6,False,300
399,1,6,True,1142
401,0,1,False,3241
401,0,1,True,30901
401,0,2,False,1157
401,0,2,True,7778
401,0,3,False,45
401,0,3,True,152
401,0,4,False,34
401,0,4,True,166
401,0,5,False,5
401,0,5,True,9
401,0,6,False,243
401,0,6,True,190
401,1,1,False,1065
401,1,1,True,3305
401,1,2,False,117
401,1,2,True,383
401,1,3,False,30
401,1,3,True,63
401,1,4,False,4
401,1,4,True,10
401,1,5,False,3
401,1,5,True,2
401,1,6,False,1256
401,1,6,True,3171
403,0,1,False,645
403,0,1,True,8847
403,0,2,False,91
403,0,2,True,685
403,0,3,False,9
403,0,3,True,45
403,0,4,False,5
403,0,4,True,28
403,0,6,False,50
403,0,6,True,44
403,1,1,False,45
403,1,1,True,121
403,1,2,False,5
403,1,2,True,3
403,1,3,True,2
403,1,6,False,94
403,1,6,True,115
405,0,1,False,396
405,0,1,True,5758
405,0,2,False,213
405,0,2,True,1785
405,0,3,False,3
405,0,3,True,14
405,0,4,False,8
405,0,4,True,14
405,0,6,False,30
405,0,6,True,54
405,1,1,False,54
405,1,1,True,167
405,1,2,False,4
405,1,2,True,14
405,1,3,False,9
405,1,3,True,9
405,1,4,True,1
405,1,6,False,99
405,1,6,True,233
407,0,1,False,1888
407,0,1,True,17364
407,0,2,False,310
407,0,2,True,2183
407,0,3,False,16
407,0,3,True,100
407,0,4,False,33
407,0,4,True,87
407,0,5,False,2
407,0,5,True,7
407,0,6,False,106
407,0,6,True,118
407,1,1,False,665
407,1,1,True,1776
407,1,2,False,64
407,1,2,True,153
407,1,3,False,12
407,1,3,True,36
407,1,4,False,2
407,1,4,True,1
407,1,6,False,506
407,1,6,True,955
409,0,1,False,3051
409,0,1,True,24120
409,0,2,False,196
409,0,2,True,527
409,0,3,False,29
409,0,3,True,124
409,0,4,False,71
409,0,4,True,338
409,0,5,False,14
409,0,5,True,29
409,0,6,False,112
409,0,6,True,120
409,1,1,False,4345
409,1,1,True,24144
409,1,2,False,122
409,1,2,True,226
409,1,3,False,60
409,1,3,True,173
409,1,4,False,23
409,1,4,True,105
409,1,5,False,8
409,1,5,True,7
409,1,6,False,1758
409,1,6,True,5102
411,0,1,False,251
411,0,1,True,4138
411,0,2,False,77
411,0,2,True,88
411,0,3,False,9
411,0,3,True,20
411,0,4,False,3
411,0,4,True,10
411,0,6,False,4
411,0,6,True,23
411,1,1,False,113
411,1,1,True,664
411,1,2,False,23
411,1,2,True,16
411,1,3,False,3
411,1,3,True,16
411,1,6,False,143
411,1,6,True,530
413,0,1,False,180
413,0,1,True,1687
413,0,2,False,8
413,0,2,True,20
413,0,3,True,1
413,0,4,False,2
413,0,4,True,2
413,0,6,False,3
413,0,6,True,4
413,1,1,False,128
413,1,1,True,785
413,1,2,True,10
413,1,3,False,2
413,1,3,True,13
413,1,6,False,144
413,1,6,True,472
415,0,1,False,759
415,0,1,True,8628
415,0,2,False,90
415,0,2,True,592
415,0,3,False,7
415,0,3,True,39
415,0,4,False,4
415,0,4,True,44
415,0,5,True,2
415,0,6,False,44
415,0,6,True,23
415,1,1,False,707
415,1,1,True,3231
415,1,2,False,34
415,1,2,True,83
415,1,3,False,15
415,1,3,True,45
415,1,4,False,2
415,1,4,True,9
415,1,5,False,1
415,1,5,True,1
415,1,6,False,641
415,1,6,True,1920
417,0,1,False,226
417,0,1,True,2650
417,0,2,False,5
417,0,2,True,7
417,0,3,False,1
417,0,3,True,6
417,0,4,False,6
417,0,4,True,3
417,0,5,False,1
417,0,6,False,14
417,0,6,True,23
417,1,1,False,64
417,1,1,True,205
417,1,2,False,8
417,1,2,True,9
417,1,3,False,4
417,1,3,True,8
417,1,6,False,42
417,1,6,True,96
419,0,1,False,1437
419,0,1,True,14479
419,0,2,False,616
419,0,2,True,3662
419,0,3,False,14
419,0,3,True,46
419,0,4,False,12
419,0,4,True,64
419,0,6,False,65
419,0,6,True,48
419,1,1,False,400
419,1,1,True,1151
419,1,2,False,48
419,1,2,True,106
419,1,3,False,13
419,1,3,True,16
419,1,4,False,5
419,1,6,False,854
419,1,6,True,2412
421,0,1,False,149
421,0,1,True,1780
421,0,2,False,3
421,0,2,True,8
421,0,3,False,5
421,0,3,True,6
421,0,4,False,2
421,0,4,True,4
421,0,6,False,4
421,0,6,True,6
421,1,1,False,118
421,1,1,True,633
421,1,2,True,3
421,1,3,False,4
421,1,3,True,8
421,1,4,True,1
421,1,6,False,51
421,1,6,True,249
423,0,1,False,12974
423,0,1,True,109286
423,0,2,False,5581
423,0,2,True,27913
423,0,3,False,121
423,0,3,True,552
423,0,4,False,535
423,0,4,True,1840
423,0,5,False,17
423,0,5,True,45
423,0,6,False,871
423,0,6,True,693
423,1,1,False,6602
423,1,1,True,18224
423,1,2,False,1428
423,1,2,True,2707
423,1,3,False,149
423,1,3,True,319
423,1,4,False,77
423,1,4,True,145
423,1,5,False,4
423,1,5,True,13
423,1,6,False,5769
423,1,6,True,13849
425,0,1,False,638
425,0,1,True,5574
425,0,2,False,27
425,0,2,True,13
425,0,3,False,10
425,0,3,True,34
425,0,4,False,16
425,0,4,True,25
425,0,5,False,1
425,0,6,False,28
425,0,6,True,29
425,1,1,False,241
425,1,1,True,767
425,1,2,False,13
425,1,2,True,4
425,1,3,False,6
425,1,3,True,22
425,1,4,False,5
425,1,4,True,7
425,1,6,False,271
425,1,6,True,759
427,0,1,False,569
427,0,1,True,1877
427,0,2,False,3
427,0,2,True,7
427,0,3,False,4
427,0,3,True,12
427,0,4,False,28
427,0,4,True,79
427,0,6,False,5
427,0,6,True,9
427,1,1,False,8348
427,1,1,True,47791
427,1,2,False,28
427,1,2,True,31
427,1,3,False,20
427,1,3,True,41
427,1,4,False,8
427,1,4,True,18
427,1,6,False,518
427,1,6,True,1572
429,0,1,False,503
429,0,1,True,6512
429,0,2,False,39
429,0,2,True,153
429,0,3,False,9
429,0,3,True,36
429,0,4,False,4
429,0,4,True,25
429,0,5,True,1
429,0,6,False,29
429,0,6,True,21
429,1,1,False,255
429,1,1,True,891
429,1,2,False,6
429,1,2,True,3
429,1,3,False,1
429,1,3,True,5
429,1,4,True,3
429,1,6,False,249
429,1,6,True,885
431,0,1,False,57
431,0,1,True,694
431,0,2,False,3
431,0,2,True,10
431,0,3,False,6
431,0,3,True,6
431,0,6,False,8
431,0,6,True,10
431,1,1,False,30
431,1,1,True,232
431,1,2,True,1
431,1,3,False,2
431,1,3,True,9
431,1,6,False,12
431,1,6,True,63
433,0,1,False,76
433,0,1,True,1145
433,0,2,False,8
433,0,2,True,30
433,0,3,True,4
433,0,4,False,7
433,0,4,True,7
433,0,6,False,8
433,0,6,True,10
433,1,1,False,19
433,1,1,True,66
433,1,2,True,1
433,1,3,False,2
433,1,3,True,2
433,1,6,False,28
433,1,6,True,77
435,0,1,False,141
435,0,1,True,1646
435,0,2,False,1
435,0,2,True,6
435,0,3,True,2
435,0,4,True,5
435,0,6,False,4
435,0,6,True,3
435,1,1,False,269
435,1,1,True,1606
435,1,2,False,2
435,1,2,True,8
435,1,3,False,5
435,1,3,True,10
435,1,4,False,2
435,1,4,True,1
435,1,6,False,65
435,1,6,True,352
437,0,1,False,306
437,0,1,True,4060
437,0,2,False,74
437,0,2,True,467
437,0,3,False,10
437,0,3,True,25
437,0,4,True,4
437,0,5,True,4
437,0,6,False,14
437,0,6,True,18
437,1,1,False,259
437,1,1,True,1276
437,1,2,False,9
437,1,2,True,16
437,1,3,False,10
437,1,3,True,27
437,1,4,False,1
437,1,4,True,5
437,1,6,False,275
437,1,6,True,994
439,0,1,False,109989
439,0,1,True,725789
439,0,2,False,43795
439,0,2,True,169390
439,0,3,False,1382
439,0,3,True,4772
439,0,4,False,14835
439,0,4,True,59069
439,0,5,False,780
439,0,5,True,1925
439,0,6,False,7966
439,0,6,True,7073
439,1,1,False,90257
439,1,1,True,279495
439,1,2,False,17211
439,1,2,True,38587
439,1,3,False,1840
439,1,3,True,3833
439,1,4,False,3016
439,1,4,True,7641
439,1,5,False,173
439,1,5,True,306
439,1,6,False,66443
439,1,6,True,153467
441,0,1,False,8208
441,0,1,True,72501
441,0,2,False,1576
441,0,2,True,5762
441,0,3,False,78
441,0,3,True,391
441,0,4,False,224
441,0,4,True,1502
441,0,5,False,24
441,0,5,True,74
441,0,6,False,570
441,0,6,True,538
441,1,1,False,5356
441,1,1,True,18344
441,1,2,False,770
441,1,2,True,1591
441,1,3,False,108
441,1,3,True,315
441,1,4,False,87
441,1,4,True,260
441,1,5,False,4
441,1,5,True,21
441,1,6,False,3885
441,1,6,True,9317
443,0,1,False,33
443,0,1,True,439
443,0,2,False,1
443,0,2,True,5
443,0,3,False,1
443,0,3,True,6
443,0,4,False,2
443,0,4,True,2
443,0,6,False,1
443,0,6,True,1
443,1,1,False,43
443,1,1,True,313
443,1,2,True,1
443,1,3,True,2
443,1,6,False,25
443,1,6,True,109
445,0,1,False,537
445,0,1,True,5265
445,0,2,False,111
445,0,2,True,379
445,0,3,False,7
445,0,3,True,18
445,0,4,False,1
445,0,4,True,22
445,0,6,False,7
445,0,6,True,15
445,1,1,False,732
445,1,1,True,3749
445,1,2,False,34
445,1,2,True,81
445,1,3,False,14
445,1,3,True,39
445,1,4,False,3
445,1,4,True,4
445,1,6,False,339
445,1,6,True,1294
447,0,1,False,85
447,0,1,True,1407
447,0,2,False,3
447,0,2,True,6
447,0,3,True,11
447,0,4,False,4
447,0,4,True,3
447,0,6,False,3
447,0,6,True,6
447,1,1,False,13
447,1,1,True,50
447,1,2,False,2
447,1,3,True,1
447,1,6,False,12
447,1,6,True,35
449,0,1,False,1623
449,0,1,True,13511
449,0,2,False,430
449,0,2,True,2258
449,0,3,False,38
449,0,3,True,66
449,0,4,False,53
449,0,4,True,169
449,0,5,True,9
449,0,6,False,65
449,0,6,True,40
449,1,1,False,1644
449,1,1,True,5070
449,1,2,False,128
449,1,2,True,275
449,1,3,False,116
449,1,3,True,134
449,1,4,False,3
449,1,4,True,12
449,1,5,False,3
449,1,5,True,4
449,1,6,False,1889
449,1,6,True,4794
451,0,1,False,5682
451,0,1,True,53393
451,0,2,False,578
451,0,2,True,2687
451,0,3,False,57
451,0,3,True,277
451,0,4,False,129
451,0,4,True,802
451,0,5,False,19
451,0,5,True,55
451,0,6,False,250
451,0,6,True,399
451,1,1,False,5017
451,1,1,True,25977
451,1,2,False,323
451,1,2,True,857
451,1,3,False,158
451,1,3,True,385
451,1,4,False,43
451,1,4,True,144
451,1,5,False,7
451,1,5,True,19
451,1,6,False,3037
451,1,6,True,9929
453,0,1,False,55937
453,0,1,True,416695
453,0,2,False,11913
453,0,2,True,48709
453,0,3,False,393
453,0,3,True,1737
453,0,4,False,8161
453,0,4,True,39030
453,0,5,False,89
453,0,5,True,418
453,0,6,False,3594
453,0,6,True,5245
453,1,1,False,48679
453,1,1,True,188503
453,1,2,False,7220
453,1,2,True,19466
453,1,3,False,2072
453,1,3,True,4353
453,1,4,False,2265
453,1,4,True,9877
453,1,5,False,55
453,1,5,True,156
453,1,6,False,38871
453,1,6,True,110828
455,0,1,False,862
455,0,1,True,10847
455,0,2,False,168
455,0,2,True,1209
455,0,3,False,18
455,0,3,True,34
455,0,4,False,7
455,0,4,True,29
455,0,6,False,68
455,0,6,True,79
455,1,1,False,133
455,1,1,True,460
455,1,2,True,1
455,1,3,False,7
455,1,3,True,10
455,1,4,False,3
455,1,4,True,3
455,1,5,False,1
455,1,5,True,2
455,1,6,False,197
455,1,6,True,447
457,0,1,False,1506
457,0,1,True,15975
457,0,2,False,335
457,0,2,True,1970
457,0,3,False,27
457,0,3,True,76
457,0,4,False,14
457,0,4,True,34
457,0,5,False,1
457,0,5,True,5
457,0,6,False,135
457,0,6,True,117
457,1,1,False,127
457,1,1,True,322
457,1,2,False,2
457,1,2,True,83
457,1,3,False,3
457,1,3,True,9
457,1,4,True,3
457,1,6,False,116
457,1,6,True,906
459,0,1,False,2916
459,0,1,True,28529
459,0,2,False,463
459,0,2,True,2874
459,0,3,False,40
459,0,3,True,164
459,0,4,False,38
459,0,4,True,102
459,0,5,True,3
459,0,6,False,278
459,0,6,True,259
459,1,1,False,531
459,1,1,True,1490
459,1,2,False,28
459,1,2,True,51
459,1,3,False,13
459,1,3,True,42
459,1,4,False,7
459,1,4,True,3
459,1,6,False,499
459,1,6,True,979
461,0,1,False,109
461,0,1,True,1515
461,0,2,False,12
461,0,2,True,38
461,0,3,False,10
461,0,3,True,15
461,0,6,False,6
461,0,6,True,9
461,1,1,False,126
461,1,1,True,766
461,1,2,False,8
461,1,2,True,5
461,1,3,False,10
461,1,3,True,23
461,1,6,False,104
461,1,6,True,599
463,0,1,False,650
463,0,1,True,8256
463,0,2,False,33
463,0,2,True,63
463,0,3,False,19
463,0,3,True,35
463,0,4,False,22
463,0,4,True,88
463,0,5,True,6
463,0,6,False,24
463,0,6,True,36
463,1,1,False,1730
463,1,1,True,9995
463,1,2,False,21
463,1,2,True,53
463,1,3,False,18
463,1,3,True,74
463,1,4,False,13
463,1,4,True,11
463,1,6,False,1097
463,1,6,True,4161
465,0,1,False,1116
465,0,1,True,9103
465,0,2,False,111
465,0,2,True,371
465,0,3,False,10
465,0,3,True,64
465,0,4,False,24
465,0,4,True,165
465,0,5,False,11
465,0,5,True,23
465,0,6,False,20
465,0,6,True,40
465,1,1,False,4334
465,1,1,True,26981
465,1,2,False,84
465,1,2,True,180
465,1,3,False,51
465,1,3,True,115
465,1,4,False,19
465,1,4,True,30
465,1,5,False,6
465,1,5,True,4
465,1,6,False,1315
465,1,6,True,4702
467,0,1,False,3979
467,0,1,True,39747
467,0,2,False,247
467,0,2,True,1106
467,0,3,False,76
467,0,3,True,288
467,0,4,False,34
467,0,4,True,135
467,0,5,False,15
467,0,5,True,17
467,0,6,False,225
467,0,6,True,279
467,1,1,False,1017
467,1,1,True,3041
467,1,2,False,15
467,1,2,True,59
467,1,3,False,25
467,1,3,True,68
467,1,4,True,2
467,1,5,False,1
467,1,6,False,665
467,1,6,True,1538
469,0,1,False,4082
469,0,1,True,36673
469,0,2,False,824
469,0,2,True,3241
469,0,3,False,31
469,0,3,True,140
469,0,4,False,166
469,0,4,True,578
469,0,5,False,1
469,0,5,True,15
469,0,6,False,156
469,0,6,True,119
469,1,1,False,4861
469,1,1,True,23397
469,1,2,False,427
469,1,2,True,1021
469,1,3,False,122
469,1,3,True,210
469,1,4,False,46
469,1,4,True,109
469,1,5,False,4
469,1,5,True,3
469,1,6,False,2893
469,1,6,True,7674
471,0,1,False,3400
471,0,1,True,33049
471,0,2,False,1872
471,0,2,True,10844
471,0,3,False,23
471,0,3,True,132
471,0,4,False,69
471,0,4,True,483
471,0,5,True,17
471,0,6,False,137
471,0,6,True,190
471,1,1,False,2009
471,1,1,True,7053
471,1,2,False,675
471,1,2,True,1866
471,1,3,False,26
471,1,3,True,121
471,1,4,False,18
471,1,4,True,61
471,1,5,False,5
471,1,5,True,6
471,1,6,False,1338
471,1,6,True,4467
473,0,1,False,1871
473,0,1,True,16181
473,0,2,False,839
473,0,2,True,7596
473,0,3,False,23
473,0,3,True,104
473,0,4,False,49
473,0,4,True,155
473,0,5,False,2
473,0,5,True,7
473,0,6,False,82
473,0,6,True,164
473,1,1,False,1534
473,1,1,True,5668
473,1,2,False,327
473,1,2,True,1977
473,1,3,False,72
473,1,3,True,155
473,1,4,False,3
473,1,4,True,7
473,1,5,True,1
473,1,6,False,1592
473,1,6,True,4796
475,0,1,False,362
475,0,1,True,4533
475,0,2,False,100
475,0,2,True,320
475,0,3,False,9
475,0,3,True,35
475,0,4,False,7
475,0,4,True,25
475,0,6,False,24
475,0,6,True,24
475,1,1,False,432
475,1,1,True,2900
475,1,2,False,38
475,1,2,True,64
475,1,3,False,17
475,1,3,True,37
475,1,5,True,1
475,1,6,False,366
475,1,6,True,1364
477,0,1,False,1700
477,0,1,True,19954
477,0,2,False,788
477,0,2,True,4604
477,0,3,False,10
477,0,3,True,47
477,0,4,False,68
477,0,4,True,355
477,0,5,False,1
477,0,5,True,6
477,0,6,False,75
477,0,6,True,93
477,1,1,False,752
477,1,1,True,2602
477,1,2,False,154
477,1,2,True,401
477,1,3,False,13
477,1,3,True,29
477,1,4,False,8
477,1,4,True,14
477,1,5,True,1
477,1,6,False,555
477,1,6,True,1488
479,0,1,False,3494
479,0,1,True,12089
479,0,2,False,102
479,0,2,True,261
479,0,3,False,12
479,0,3,True,76
479,0,4,False,264
479,0,4,True,778
479,0,5,False,1
479,0,5,True,10
479,0,6,False,27
479,0,6,True,81
479,1,1,False,35791
479,1,1,True,168827
479,1,2,False,307
479,1,2,True,462
479,1,3,False,383
479,1,3,True,535
479,1,4,False,110
479,1,4,True,312
479,1,5,False,2
479,1,5,True,17
479,1,6,False,7453
479,1,6,True,18910
481,0,1,False,1595
481,0,1,True,17839
481,0,2,False,692
481,0,2,True,4400
481,0,3,False,10
481,0,3,True,51
481,0,4,False,25
481,0,4,True,129
481,0,5,True,2
481,0,6,False,67
481,0,6,True,68
481,1,1,False,1721
481,1,1,True,8638
481,1,2,False,179
481,1,2,True,546
481,1,3,False,30
481,1,3,True,70
481,1,4,False,1
481,1,4,True,5
481,1,6,False,1259
481,1,6,True,3953
483,0,1,False,256
483,0,1,True,3649
483,0,2,False,21
483,0,2,True,92
483,0,3,False,2
483,0,3,True,17
483,0,4,False,3
483,0,4,True,20
483,0,6,False,27
483,0,6,True,37
483,1,1,False,132
483,1,1,True,432
483,1,3,False,6
483,1,3,True,19
483,1,6,False,177
483,1,6,True,520
485,0,1,False,8652
485,0,1,True,74021
485,0,2,False,2294
485,0,2,True,9052
485,0,3,False,221
485,0,3,True,774
485,0,4,False,388
485,0,4,True,1927
485,0,5,False,14
485,0,5,True,67
485,0,6,False,582
485,0,6,True,544
485,1,1,False,4579
485,1,1,True,14079
485,1,2,False,741
485,1,2,True,1724
485,1,3,False,115
485,1,3,True,284
485,1,4,False,92
485,1,4,True,262
485,1,5,False,7
485,1,5,True,13
485,1,6,False,3215
485,1,6,True,7853
487,0,1,False,675
487,0,1,True,7591
487,0,2,False,141
487,0,2,True,870
487,0,3,False,20
487,0,3,True,89
487,0,4,False,16
487,0,4,True,81
487,0,5,False,1
487,0,5,True,4
487,0,6,False,56
487,0,6,True,58
487,1,1,False,455
487,1,1,True,1864
487,1,2,False,33
487,1,2,True,42
487,1,3,False,14
487,1,3,True,22
487,1,4,True,1
487,1,5,True,1
487,1,6,False,342
487,1,6,True,1159
489,0,1,False,346
489,0,1,True,2651
489,0,2,False,10
489,0,2,True,193
489,0,3,False,5
489,0,3,True,15
489,0,4,False,8
489,0,4,True,109
489,0,5,False,1
489,0,6,False,9
489,0,6,True,6
489,1,1,False,2071
489,1,1,True,13927
489,1,2,False,37
489,1,2,True,233
489,1,3,False,18
489,1,3,True,25
489,1,4,False,3
489,1,4,True,20
489,1,5,False,4
489,1,5,True,2
489,1,6,False,530
489,1,6,True,1911
491,0,1,False,34340
491,0,1,True,202250
491,0,2,False,4697
491,0,2,True,14016
491,0,3,False,278
491,0,3,True,857
491,0,4,False,3771
491,0,4,True,13055
491,0,5,False,79
491,0,5,True,254
491,0,6,False,1877
491,0,6,True,1634
491,1,1,False,23830
491,1,1,True,69771
491,1,2,False,2570
491,1,2,True,4913
491,1,3,False,522
491,1,3,True,972
491,1,4,False,1049
491,1,4,True,2558
491,1,5,False,27
491,1,5,True,53
491,1,6,False,12898
491,1,6,True,26408
493,0,1,False,2799
493,0,1,True,21105
493,0,2,False,97
493,0,2,True,442
493,0,3,False,21
493,0,3,True,83
493,0,4,False,14
493,0,4,True,110
493,0,5,False,3
493,0,5,True,6
493,0,6,False,51
493,0,6,True,59
493,1,1,False,2483
493,1,1,True,11844
493,1,2,False,52
493,1,2,True,110
493,1,3,False,58
493,1,3,True,119
493,1,4,False,10
493,1,4,True,29
493,1,6,False,902
493,1,6,True,2521
495,0,1,False,302
495,0,1,True,2722
495,0,2,False,33
495,0,2,True,92
495,0,3,False,9
495,0,3,True,19
495,0,4,False,3
495,0,4,True,13
495,0,6,False,16
495,0,6,True,28
495,1,1,False,360
495,1,1,True,1854
495,1,2,False,17
495,1,2,True,14
495,1,3,False,11
495,1,3,True,32
495,1,4,False,1
495,1,6,False,346
495,1,6,True,1238
497,0,1,False,4662
497,0,1,True,39322
497,0,2,False,75
497,0,2,True,319
497,0,3,False,77
497,0,3,True,244
497,0,4,False,48
497,0,4,True,177
497,0,5,False,1
497,0,5,True,14
497,0,6,False,241
497,0,6,True,266
497,1,1,False,2040
497,1,1,True,6424
497,1,2,False,56
497,1,2,True,177
497,1,3,False,45
497,1,3,True,95
497,1,4,False,8
497,1,4,True,11
497,1,5,True,1
497,1,6,False,1320
497,1,6,True,3504
499,0,1,False,2687
499,0,1,True,32132
499,0,2,False,227
499,0,2,True,1711
499,0,3,False,29
499,0,3,True,162
499,0,4,False,42
499,0,4,True,111
499,0,5,False,3
499,0,5,True,9
499,0,6,False,168
499,0,6,True,205
499,1,1,False,607
499,1,1,True,1787
499,1,2,False,11
499,1,2,True,23
499,1,3,False,19
499,1,3,True,70
499,1,4,False,6
499,1,4,True,2
499,1,5,False,5
499,1,5,True,4
499,1,6,False,522
499,1,6,True,1422
501,0,1,False,295
501,0,1,True,2927
501,0,2,False,8
501,0,2,True,44
501,0,3,False,4
501,0,3,True,20
501,0,4,False,5
501,0,4,True,20
501,0,5,True,1
501,0,6,False,6
501,0,6,True,8
501,1,1,False,461
501,1,1,True,2185
501,1,2,False,9
501,1,2,True,9
501,1,3,False,3
501,1,3,True,32
501,1,4,False,2
501,1,4,True,4
501,1,6,False,384
501,1,6,True,1452
503,0,1,False,1178
503,0,1,True,13198
503,0,2,False,34
503,0,2,True,178
503,0,3,False,21
503,0,3,True,56
503,0,4,False,8
503,0,4,True,47
503,0,5,False,2
503,0,5,True,3
503,0,6,False,49
503,0,6,True,61
503,1,1,False,483
503,1,1,True,1889
503,1,2,False,8
503,1,2,True,12
503,1,3,False,19
503,1,3,True,42
503,1,4,False,2
503,1,4,True,8
503,1,6,False,354
503,1,6,True,898
505,0,1,False,53
505,0,1,True,1082
505,0,2,False,2
505,0,2,True,9
505,0,3,False,1
505,0,3,True,13
505,0,4,False,8
505,0,4,True,20
505,0,6,False,3
505,1,1,False,1804
505,1,1,True,10183
505,1,2,False,3
505,1,2,True,5
505,1,3,False,13
505,1,3,True,15
505,1,4,False,3
505,1,4,True,1
505,1,6,False,194
505,1,6,True,606
507,0,1,False,64
507,0,1,True,606
507,0,2,False,17
507,0,2,True,18
507,0,3,False,1
507,0,3,True,7
507,0,4,True,2
507,0,5,False,3
507,0,6,False,1
507,0,6,True,4
507,1,1,False,1273
507,1,1,True,8358
507,1,2,False,32
507,1,2,True,22
507,1,3,False,10
507,1,3,True,23
507,1,4,True,2
507,1,5,False,6
507,1,5,True,7
507,1,6,False,261
507,1,6,True,960
